id,result,label
0,Probabilistic Methods,3
1,Reinforcement Learning,4
2,Reinforcement Learning,4
3,Case Based,0
4,Neural Networks,2
5,Neural Networks,2
6,Case Based,0
7,Probabilistic Methods,3
8,Probabilistic Methods,3
9,Neural Networks,2
10,Genetic Algorithms,1
11,Case Based,0
12,Reinforcement Learning,4
13,Probabilistic Methods,3
14,Probabilistic Methods,3
15,Probabilistic Methods,3
16,Neural Networks,2
17,Probabilistic Methods,3
18,Case Based,0
19,Probabilistic Methods,3
20,Rule Learning,5
21,Probabilistic Methods,3
22,Reinforcement Learning,4
23,Theory,6
24,Probabilistic Methods,3
25,Probabilistic Methods,3
26,Theory,6
27,Probabilistic Methods,3
28,Neural Networks,2
29,Reinforcement Learning,4
30,Case Based,0
31,Rule Learning,5
32,Theoretical,6
33,Probabilistic Methods,3
34,Neural Networks,2
35,Case Based,0
36,Genetic Algorithms,1
37,Case Based,0
38,Reinforcement Learning,4
39,Reinforcement Learning,4
40,Probabilistic Methods,3
41,Genetic Algorithms,1
42,Theory,6
43,Reinforcement Learning,4
44,Probabilistic Methods,3
45,Probabilistic Methods,3
46,Neural Networks,2
47,Rule Learning,5
48,Reinforcement Learning,4
49,Probabilistic Methods,3
50,Rule Learning,5
51,Probabilistic Methods,3
52,Case Based,0
53,Neural Networks,2
54,Case Based,0
55,Case Based,0
56,Theory,6
57,Case Based,0
58,Neural Networks,2
59,Neural Networks,2
60,Case Based,0
61,Probabilistic Methods,3
62,Case Based,0
63,Reinforcement Learning,4
64,Neural Networks,2
65,Case Based,0
66,Reinforcement Learning,4
67,Rule Learning,5
68,Probabilistic Methods,3
69,Case Based,0
70,Rule Learning,5
71,Neural Networks,2
72,Neural Networks,2
73,Neural Networks,2
74,Case Based,0
75,Reinforcement Learning,4
76,Case Based,0
77,Case Based,0
78,Case Based,0
79,Probabilistic Methods,3
80,Case Based,0
81,Case Based,0
82,Reinforcement Learning,4
83,Neural Networks,2
84,4. Reinforcement Learning,4
85,Genetic Algorithms,1
86,Reinforcement Learning,4
87,Theory,6
88,Reinforcement Learning,4
89,Reinforcement Learning,4
90,Neural Networks,2
91,Reinforcement Learning,4
92,Theory,6
93,Theory,6
94,Case Based,0
95,Case Based,0
96,Theory,6
97,Rule Learning,5
98,Case Based,0
99,Theory,6
100,Case Based,0
101,Probabilistic Methods,3
102,Genetic Algorithms,1
103,Genetic Algorithms,1
104,Genetic Algorithms,1
105,Neural Networks,2
106,Theoretical,6
107,Rule Learning,5
108,Theory,6
109,Genetic Algorithms,1
110,Neural Networks,2
111,Neural Networks,2
112,Genetic Algorithms,1
113,Rule Learning,5
114,Rule Learning,5
115,Rule Learning,5
116,Theory,6
117,Rule Learning,5
118,Reinforcement Learning,4
119,Rule Learning,5
120,Probabilistic Methods,3
121,Genetic Algorithms,1
122,Theoret,6
123,Theoret,6
124,Genetic Algorithms,1
125,Rule Learning,5
126,Genetic Algorithms,1
127,Theory,6
128,Rule Learning,5
129,Rule Learning,5
130,Rule Learning,5
131,Neural Networks,2
132,Rule Learning,5
133,Genetic Algorithms,1
134,Genetic Algorithms,1
135,Genetic Algorithms,1
136,Genetic Algorithms,1
137,Genetic Algorithms,1
138,Neural Networks,2
139,Genetic Algorithms,1
140,Reinforcement Learning,4
141,Reinforcement Learning,4
142,Case Based,0
143,Probabilistic Methods,3
144,Theoretical,6
145,Theory,6
146,Case Based,0
147,Theoretical,6
148,Reinforcement Learning,4
149,Case Based,0
150,Probabilistic Methods,3
151,Reinforcement Learning,4
152,Reinforcement Learning,4
153,Genetic Algorithms,1
154,Neural Networks,2
155,Neural Networks,2
156,Neural Networks,2
157,Probabilistic Methods,3
158,Probabilistic Methods,3
159,Probabilistic Methods,3
160,Probabilistic Methods,3
161,Reinforcement Learning,4
162,Case Based,0
163,Rule Learning,5
164,Case Based,0
165,Probabilistic Methods,3
166,Reinforcement Learning,4
167,Probabilistic Methods,3
168,Probabilistic Methods,3
169,Probabilistic Methods,3
170,Neural Networks,2
171,Probabilistic Methods,3
172,Probabilistic Methods,3
173,Neural Networks,2
174,Neural Networks,2
175,Theory,6
176,Genetic Algorithms,1
177,Reinforcement Learning,4
178,Probabilistic Methods,3
179,Probabilistic Methods,3
180,Probabilistic Methods,3
181,Theory,6
182,Probabilistic Methods,3
183,Probabilistic Methods,3
184,Probabilistic Methods,3
185,Probabilistic Methods,3
186,Case Based,0
187,Reinforcement Learning,4
188,Neural Networks,2
189,Neural Networks,2
190,Theory,6
191,Reinforcement Learning,4
192,Case Based,0
193,Rule Learning,5
194,Probabilistic Methods,3
195,Case Based,0
196,Reinforcement Learning,4
197,Neural Networks,2
198,Reinforcement Learning,4
199,Probabilistic Methods,3
200,Probabilistic Methods,3
201,Probabilistic Methods,3
202,Neural Networks,2
203,Reinforcement Learning,4
204,Case Based,0
205,Genetic Algorithms,1
206,Neural Networks,2
207,Probabilistic Methods,3
208,Rule Learning,5
209,Reinforcement Learning,4
210,Probabilistic Methods,3
211,Case Based,0
212,Probabilistic Methods,3
213,Theory,6
214,Case Based,0
215,Probabilistic Methods,3
216,Probabilistic Methods,3
217,Reinforcement Learning,4
218,Probabilistic Methods,3
219,Probabilistic Methods,3
220,Rule Learning,5
221,Neural Networks,2
222,Probabilistic Methods,3
223,Neural Networks,2
224,Reinforcement Learning,4
225,Genetic Algorithms,1
226,Probabilistic Methods,3
227,Neural Networks,2
228,Neural Networks,2
229,Probabilistic Methods,3
230,Probabilistic Methods,3
231,Theory,6
232,Genetic Algorithms,1
233,Rule Learning,5
234,Rule Learning,5
235,Probabilistic Methods,3
236,Genetic Algorithms,1
237,Probabilistic Methods,3
238,Rule Learning,5
239,Neural Networks,2
240,Probabilistic Methods,3
241,Rule Learning,5
242,Probabilistic Methods,3
243,Reinforcement Learning,4
244,Neural Networks,2
245,Reinforcement Learning,4
246,Neural Networks,2
247,Reinforcement Learning,4
248,Reinforcement Learning,4
249,Rule Learning,5
250,Genetic Algorithms,1
251,Probabilistic Methods,3
252,Rule Learning,5
253,Probabilistic Methods,3
254,Probabilistic Methods,3
255,Theory,6
256,Probabilistic Methods,3
257,Case Based,0
258,Reinforcement Learning,4
259,Rule Learning,5
260,Case Based,0
261,Case Based,0
262,Theory,6
263,Neural Networks,2
264,Rule Learning,5
265,Rule Learning,5
266,Probabilistic Methods,3
267,Probabilistic Methods,3
268,"
1. Neural Networks
2. Probabilistic Methods",3
269,Probabilistic Methods,3
270,Case Based,0
271,Reinforcement Learning,4
272,Probabilistic Methods,3
273,Probabilistic Methods,3
274,Reinforcement Learning,4
275,Reinforcement Learning,4
276,Probabilistic Methods,3
277,Probabilistic Methods,3
278,Probabilistic Methods,3
279,Case Based,0
280,Case Based,0
281,Neural Networks,2
282,Rule Learning,5
283,Reinforcement Learning,4
284,Reinforcement Learning,4
285,Genetic Algorithms,1
286,Reinforcement Learning,4
287,Probabilistic Methods,3
288,Probabilistic Methods,3
289,Neural Networks,2
290,Neural Networks,2
291,Probabilistic Methods,3
292,Case Based,0
293,Reinforcement Learning,4
294,Case Based,0
295,Probabilistic Methods,3
296,Neural Networks,2
297,Probabilistic Methods,3
298,Probabilistic Methods,3
299,Reinforcement Learning,4
300,Case Based,0
301,Neural Networks,2
302,Genetic Algorithms,1
303,Genetic Algorithms,1
304,Case Based,0
305,Case Based,0
306,Genetic Algorithms,1
307,Theory,6
308,Genetic Algorithms,1
309,Case Based,0
310,Probabilistic Methods,3
311,Probabilistic Methods,3
312,Neural Networks,2
313,Probabilistic Methods,3
314,Genetic Algorithms,1
315,Case Based,0
316,Probabilistic Methods,3
317,Genetic Algorithms,1
318,Genetic Algorithms,1
319,Neural Networks,2
320,Reinforcement Learning,4
321,Probabilistic Methods,3
322,Neural Networks,2
323,Theory,6
324,Probabilistic Methods,3
325,Case Based,0
326,Neural Networks,2
327,Probabilistic Methods,3
328,Neural Networks,2
329,Genetic Algorithms,1
330,Genetic Algorithms,1
331,Theory,6
332,Reinforcement Learning,4
333,Neural Networks,2
334,Case Based,0
335,Probabilistic Methods,3
336,Probabilistic Methods,3
337,Neural Networks,2
338,Probabilistic Methods,3
339,Reinforcement Learning,4
340,Reinforcement Learning,4
341,Neural Networks,2
342,Rule Learning,5
343,Probabilistic Methods,3
344,Neural Networks,2
345,Probabilistic Methods,3
346,Neural Networks,2
347,Case Based,0
348,Reinforcement Learning,4
349,Rule Learning,5
350,Genetic Algorithms,1
351,Probabilistic Methods,3
352,Probabilistic Methods,3
353,Neural Networks,2
354,Case Based,0
355,Neural Networks,2
356,Reinforcement Learning,4
357,Neural Networks,2
358,Neural Networks,2
359,Rule Learning,5
360,Rule Learning,5
361,Reinforcement Learning,4
362,Reinforcement Learning,4
363,Neural Networks,2
364,Neural Networks,2
365,Case Based,0
366,Probabilistic Methods,3
367,Neural Networks,2
368,Reinforcement Learning,4
369,Probabilistic Methods,3
370,Rule Learning,5
371,Rule Learning,5
372,Neural Networks,2
373,Case Based,0
374,Probabilistic Methods,3
375,Reinforcement Learning,4
376,Case Based,0
377,Reinforcement Learning,4
378,Reinforcement Learning,4
379,Rule Learning,5
380,Probabilistic Methods,3
381,Reinforcement Learning,4
382,Case Based,0
383,Probabilistic Methods,3
384,Genetic Algorithms,1
385,Probabilistic Methods,3
386,Probabilistic Methods,3
387,Genetic Algorithms,1
388,Theory,6
389,Neural Networks,2
390,Probabilistic Methods,3
391,Neural Networks,2
392,Rule Learning,5
393,Rule Learning,5
394,Reinforcement Learning,4
395,Probabilistic Methods,3
396,Probabilistic Methods,3
397,Probabilistic Methods,3
398,Probabilistic Methods,3
399,Genetic Algorithms,1
400,Rule Learning,5
401,Case Based,0
402,Reinforcement Learning,4
403,Neural Networks,2
404,Theory,6
405, Case Based,0
406,Genetic Algorithms,1
407,Case Based,0
408,Case Based,0
409,Genetic Algorithms,1
410,Rule Learning,5
411,Genetic Algorithms,1
412,Theory,6
413,Probabilistic Methods,3
414,Case Based,0
415,Case Based,0
416,Probabilistic Methods,3
417,Genetic Algorithms,1
418,Probabilistic Methods,3
419,Rule Learning,5
420,Reinforcement Learning,4
421,Probabilistic Methods,3
422,Reinforcement Learning,4
423,Case Based,0
424,Probabilistic Methods,3
425,Neural Networks,2
426,Genetic Algorithms,1
427,Neural Networks,2
428,Reinforcement Learning,4
429,Reinforcement Learning,4
430,Reinforcement Learning,4
431,Reinforcement Learning,4
432,Probabilistic Methods,3
433,Probabilistic Methods,3
434,Case Based,0
435,Case Based,0
436,Case Based,0
437,Case Based,0
438,Reinforcement Learning,4
439,Neural Networks,2
440,Case Based,0
441,Genetic Algorithms,1
442,Reinforcement Learning,4
443,Reinforcement Learning,4
444,Reinforcement Learning,4
445,Probabilistic Methods,3
446,Theory,6
447,Theory,6
448,Rule Learning,5
449,Neural Networks,2
450,Reinforcement Learning,4
451,Rule Learning,5
452,Genetic Algorithms,1
453,Reinforcement Learning,4
454,Rule Learning,5
455,Probabilistic Methods,3
456,Case Based,0
457,Probabilistic Methods,3
458,Rule Learning,5
459,Genetic Algorithms,1
460,Genetic Algorithms,1
461,Case Based,0
462,Probabilistic Methods,3
463,Reinforcement Learning,4
464,Neural Networks,2
465,Rule Learning,5
466,Neural Networks,2
467,Probabilistic Methods,3
468,Rule Learning,5
469,Probabilistic Methods,3
470,Reinforcement Learning,4
471,Case Based,0
472,Rule Learning,5
473,Reinforcement Learning,4
474,Rule Learning,5
475,Case Based,0
476,Genetic Algorithms,1
477,Probabilistic Methods,3
478,Rule Learning,5
479,Rule Learning,5
480,Neural Networks,2
481,Probabilistic Methods,3
482,Probabilistic Methods,3
483,Rule Learning,5
484,Genetic Algorithms,1
485,Case Based,0
486,Probabilistic Methods,3
487,Genetic Algorithms,1
488,Reinforcement Learning,4
489,Neural Networks,2
490,Probabilistic Methods,3
491,Theory,6
492,Reinforcement Learning,4
493,Neural Networks,2
494,Neural Networks,2
495,Theory,6
496,Case Based,0
497,Case Based,0
498,Case Based,0
499,Theory,6
500,Case Based,0
501,Neural Networks,2
502,Probabilistic Methods,3
503,Probabilistic Methods,3
504,Theory,6
505,Genetic Algorithms,1
506,Case Based,0
507,Probabilistic Methods,3
508,Genetic Algorithms,1
509,Probabilistic Methods,3
510,Probabilistic Methods,3
511,Probabilistic Methods,3
512,Probabilistic Methods,3
513,Neural Networks,2
514,Rule Learning,5
515,Reinforcement Learning,4
516,Rule Learning,5
517,Probabilistic Methods,3
518,Case Based,0
519,Rule Learning,5
520,Probabilistic Methods,3
521,Probabilistic Methods,3
522,Case Based,0
523,Reinforcement Learning,4
524,Probabilistic Methods,3
525,Case Based,0
526,Neural Networks,2
527,Case Based,0
528,Rule Learning,5
529,Reinforcement Learning,4
530,Case Based,0
531,Probabilistic Methods,3
532,Genetic Algorithms,1
533,Neural Networks,2
534,"
Case Based
Genetic Algorithms
Neural Networks",2
535,Neural Networks,2
536,Probabilistic Methods,3
537,Theory,6
538,Reinforcement Learning,4
539,Theory,6
540,Rule Learning,5
541,Rule Learning,5
542,Genetic Algorithms,1
543,Case Based,0
544,Case Based,0
545,Reinforcement Learning,4
546,Probabilistic Methods,3
547,Probabilistic Methods,3
548,Case Based,0
549,Probabilistic Methods,3
550,Theory,6
551,Probabilistic Methods,3
552,Neural Networks,2
553,Probabilistic Methods,3
554,Genetic Algorithms,1
555,Theory,6
556,Genetic Algorithms,1
557,Neural Networks,2
558,Neural Networks,2
559,Rule Learning,5
560,Reinforcement Learning,4
561,Probabilistic Methods,3
562,Neural Networks,2
563,Genetic Algorithms,1
564,"Case Based
Neural Networks
Reinforcement Learning",4
565,Neural Networks,2
566,Reinforcement Learning,4
567,Neural Networks,2
568,Probabilistic Methods,3
569,Neural Networks,2
570,Probabilistic Methods,3
571,Probabilistic Methods,3
572,Case Based,0
573,Rule Learning,5
574,Reinforcement Learning,4
575,Probabilistic Methods,3
576,Probabilistic Methods,3
577,Reinforcement Learning,4
578,Rule Learning,5
579,Probabilistic Methods,3
580,Neural Networks,2
581,Theory,6
582,Reinforcement Learning,4
583,Reinforcement Learning,4
584,Reinforcement Learning,4
585,Reinforcement Learning,4
586,Case Based,0
587,Rule Learning,5
588,Reinforcement Learning,4
589,Genetic Algorithms,1
590,Rule Learning,5
591,Genetic Algorithms,1
592,Neural Networks,2
593,Reinforcement Learning,4
594,Case Based,0
595,Probabilistic Methods,3
596,"
Theory",6
597,Case Based,0
598,Probabilistic Methods,3
599,Probabilistic Methods,3
600,Theory,6
601,Probabilistic Methods,3
602,Reinforcement Learning,4
603,Genetic Algorithms,1
604,Case Based,0
605,Probabilistic Methods,3
606,Probabilistic Methods,3
607,Probabilistic Methods,3
608,Genetic Algorithms,1
609,Neural Networks,2
610,Rule Learning,5
611,Theory,6
612,Rule Learning,5
613,Neural Networks,2
614,Case Based,0
615,Neural Networks,2
616,Neural Networks,2
617,Reinforcement Learning,4
618,Probabilistic Methods,3
619,Case Based,0
620,Probabilistic Methods,3
621,Rule Learning,5
622,Probabilistic Methods,3
623,Reinforcement Learning,4
624,Reinforcement Learning,4
625,Probabilistic Methods,3
626,Neural Networks,2
627,Reinforcement Learning,4
628,Neural Networks,2
629,Neural Networks,2
630,"
Rule Learning",5
631,"
1. Neural Networks
2. Reinforcement Learning
3. Rule Learning",2
632,Neural Networks,2
633,Probabilistic Methods,3
634,Rule Learning,5
635,Rule Learning,5
636,Case Based,0
637,Probabilistic Methods,3
638,Reinforcement Learning,4
639,Probabilistic Methods,3
640,Probabilistic Methods,3
641,Probabilistic Methods,3
642,Case Based,0
643,Rule Learning,5
644,Genetic Algorithms,1
645,Neural Networks,2
646,Rule Learning,5
647,Rule Learning,5
648,Rule Learning,5
649,Probabilistic Methods,3
650,Neural Networks,2
651,Reinforcement Learning,4
652,Reinforcement Learning,4
653,Probabilistic Methods,3
654,Reinforcement Learning,4
655,Genetic Algorithms,1
656,Genetic Algorithms,1
657,Neural Networks,2
658,Probabilistic Methods,3
659,Case Based,0
660,Genetic Algorithms,1
661,Rule Learning,5
662,Probabilistic Methods,3
663,Case Based,0
664,Probabilistic Methods,3
665,Reinforcement Learning,4
666,Probabilistic Methods,3
667,Case Based,0
668,Probabilistic Methods,3
669,Probabilistic Methods,3
670,Probabilistic Methods,3
671,Case Based,0
672,Rule Learning,5
673,Probabilistic Methods,3
674,Reinforcement Learning,4
675,Case Based,0
676,Rule Learning,5
677,Reinforcement Learning,4
678,Case Based,0
679,Case Based,0
680,Case Based,0
681,Probabilistic Methods,3
682,Case Based,0
683,Genetic Algorithms,1
684,Neural Networks,2
685,Probabilistic Methods,3
686,Neural Networks,2
687,Neural Networks,2
688,Reinforcement Learning,4
689,Rule Learning,5
690,Probabilistic Methods,3
691,Reinforcement Learning,4
692,Probabilistic Methods,3
693,Probabilistic Methods,3
694,Rule Learning,5
695,Case Based,0
696,Probabilistic Methods,3
697,Probabilistic Methods,3
698,Reinforcement Learning,4
699,Genetic Algorithms,1
700,Probabilistic Methods,3
701,Rule Learning,5
702,Rule Learning,5
703,Rule Learning,5
704,Neural Networks,2
705,Probabilistic Methods,3
706,Reinforcement Learning,4
707,Case Based,0
708,Probabilistic Methods,3
709,Rule Learning,5
710,Probabilistic Methods,3
711,Rule Learning,5
712,Theory,6
713,Probabilistic Methods,3
714,Reinforcement Learning,4
715,Case Based,0
716,Probabilistic Methods,3
717,Case Based,0
718,Case Based,0
719,Genetic Algorithms,1
720,Rule Learning,5
721,Neural Networks,2
722,Probabilistic Methods,3
723,Neural Networks,2
724,Probabilistic Methods,3
725,Neural Networks,2
726,Reinforcement Learning,4
727,Probabilistic Methods,3
728,Rule Learning,5
729,Probabilistic Methods,3
730,Probabilistic Methods,3
731,Case Based,0
732,Neural Networks,2
733,Case Based,0
734,Case Based,0
735,Rule Learning,5
736,Case Based,0
737,Case Based,0
738,Probabilistic Methods,3
739,Rule Learning,5
740,Probabilistic Methods,3
741,Genetic Algorithms,1
742,Genetic Algorithms,1
743,Probabilistic Methods,3
744,Neural Networks,2
745,Probabilistic Methods,3
746,Probabilistic Methods,3
747,Rule Learning,5
748,Neural Networks,2
749,Reinforcement Learning,4
750,Rule Learning,5
751, Case Based,0
752,Neural Networks,2
753,Rule Learning,5
754,Neural Networks,2
755,Rule Learning,5
756,Probabilistic Methods,3
757,Neural Networks,2
758,Case Based,0
759,Case Based,0
760,Probabilistic Methods,3
761,Reinforcement Learning,4
762,Neural Networks,2
763,Reinforcement Learning,4
764,Neural Networks,2
765,Probabilistic Methods,3
766,Probabilistic Methods,3
767,Case Based,0
768,Neural Networks,2
769,Case Based,0
770,Probabilistic Methods,3
771,Case Based,0
772,Theory,6
773,Genetic Algorithms,1
774,Reinforcement Learning,4
775,Probabilistic Methods,3
776,Probabilistic Methods,3
777,Rule Learning,5
778,Theory,6
779,Theory,6
780,Reinforcement Learning,4
781,Genetic Algorithms,1
782,Reinforcement Learning,4
783,Reinforcement Learning,4
784,Probabilistic Methods,3
785,Genetic Algorithms,1
786,Reinforcement Learning,4
787,Reinforcement Learning,4
788,Probabilistic Methods,3
789,Reinforcement Learning,4
790,Probabilistic Methods,3
791,Reinforcement Learning,4
792,Probabilistic Methods,3
793,Rule Learning,5
794,Case Based,0
795,"
Probabilistic Methods",3
796,Neural Networks,2
797,Neural Networks,2
798,Reinforcement Learning,4
799,Probabilistic Methods,3
800,Genetic Algorithms,1
801,Rule Learning,5
802,Case Based,0
803,Rule Learning,5
804,Reinforcement Learning,4
805,Reinforcement Learning,4
806,Neural Networks,2
807,Rule Learning,5
808,Reinforcement Learning,4
809,Genetic Algorithms,1
810,Reinforcement Learning,4
811,Probabilistic Methods,3
812,Probabilistic Methods,3
813,Reinforcement Learning,4
814,Reinforcement Learning,4
815,Reinforcement Learning,4
816,Rule Learning,5
817,Rule Learning,5
818,Probabilistic Methods,3
819,Neural Networks,2
820,Neural Networks,2
821,Probabilistic Methods,3
822,Case Based,0
823,Neural Networks,2
824,Neural Networks,2
825,Neural Networks,2
826,Rule Learning,5
827,Case Based,0
828,Reinforcement Learning,4
829,Probabilistic Methods,3
830,Genetic Algorithms,1
831,Genetic Algorithms,1
832,Probabilistic Methods,3
833,Probabilistic Methods,3
834,Genetic Algorithms,1
835,Probabilistic Methods,3
836,Probabilistic Methods,3
837,Reinforcement Learning,4
838,Probabilistic Methods,3
839,Case Based,0
840,Rule Learning,5
841,Reinforcement Learning,4
842,Case Based,0
843,Rule Learning,5
844,Rule Learning,5
845,Probabilistic Methods,3
846,Probabilistic Methods,3
847,Case Based,0
848,Neural Networks,2
849,Reinforcement Learning,4
850,Theory,6
851,Case Based,0
852,Genetic Algorithms,1
853,Neural Networks,2
854,Rule Learning,5
855,Probabilistic Methods,3
856,Reinforcement Learning,4
857,Reinforcement Learning,4
858,Case Based,0
859,Neural Networks,2
860,Neural Networks,2
861,Case Based,0
862,Reinforcement Learning,4
863,Reinforcement Learning,4
864,Genetic Algorithms,1
865,Case Based,0
866,Probabilistic Methods,3
867,Neural Networks,2
868,Probabilistic Methods,3
869,Probabilistic Methods,3
870,Probabilistic Methods,3
871,Neural Networks,2
872,Probabilistic Methods,3
873,Neural Networks,2
874,Probabilistic Methods,3
875,Probabilistic Methods,3
876,Neural Networks,2
877,Genetic Algorithms,1
878,Probabilistic Methods,3
879,Probabilistic Methods,3
880,Case Based,0
881,Neural Networks,2
882,Neural Networks,2
883,Neural Networks,2
884,Reinforcement Learning,4
885,Rule Learning,5
886,Probabilistic Methods,3
887,Genetic Algorithms,1
888,Case Based,0
889,Neural Networks,2
890,Rule Learning,5
891,Theory,6
892,Probabilistic Methods,3
893,Reinforcement Learning,4
894,Case Based,0
895,Case Based,0
896,Theory,6
897,Rule Learning,5
898,Theory,6
899,Probabilistic Methods,3
900,Probabilistic Methods,3
901,Case Based,0
902,Neural Networks,2
903,Theory,6
904,Rule Learning,5
905,Neural Networks,2
906,Reinforcement Learning,4
907,Theory,6
908,Genetic Algorithms,1
909,Probabilistic Methods,3
910,Case Based,0
911,Reinforcement Learning,4
912,Reinforcement Learning,4
913,Rule Learning,5
914,Probabilistic Methods,3
915,Neural Networks,2
916,Probabilistic Methods,3
917,Case Based,0
918,Probabilistic Methods,3
919,Neural Networks,2
920,Probabilistic Methods,3
921,Theory,6
922,Reinforcement Learning,4
923,Probabilistic Methods,3
924,Reinforcement Learning,4
925,Rule Learning,5
926,Probabilistic Methods,3
927,Probabilistic Methods,3
928,Probabilistic Methods,3
929,Neural Networks,2
930,Probabilistic Methods,3
931,Neural Networks,2
932,Probabilistic Methods,3
933,Neural Networks,2
934,Case Based,0
935,Rule Learning,5
936,Neural Networks,2
937,Genetic Algorithms,1
938,Probabilistic Methods,3
939,Theory,6
940,Rule Learning,5
941,Rule Learning,5
942,Probabilistic Methods,3
943,Reinforcement Learning,4
944,Probabilistic Methods,3
945,Rule Learning,5
946,Reinforcement Learning,4
947,Reinforcement Learning,4
948,Genetic Algorithms,1
949,Reinforcement Learning,4
950,Rule Learning,5
951,Neural Networks,2
952,Rule Learning,5
953,Probabilistic Methods,3
954,Reinforcement Learning,4
955,Theory,6
956,Reinforcement Learning,4
957,Neural Networks,2
958,Genetic Algorithms,1
959,Probabilistic Methods,3
960,Probabilistic Methods,3
961,Probabilistic Methods,3
962,Probabilistic Methods,3
963,Reinforcement Learning,4
964,Case Based,0
965,Case Based,0
966,Case Based,0
967,Probabilistic Methods,3
968,Genetic Algorithms,1
969,Genetic Algorithms,1
970,Neural Networks,2
971,Rule Learning,5
972,Probabilistic Methods,3
973,Probabilistic Methods,3
974,Probabilistic Methods,3
975,Case Based,0
976,Neural Networks,2
977,Neural Networks,2
978,Neural Networks,2
979,Case Based,0
980,Genetic Algorithms,1
981,Probabilistic Methods,3
982,Probabilistic Methods,3
983,Reinforcement Learning,4
984,Reinforcement Learning,4
985,Probabilistic Methods,3
986,Probabilistic Methods,3
987,Probabilistic Methods,3
988,Probabilistic Methods,3
989,Rule Learning,5
990,Probabilistic Methods,3
991,Theory,6
992,Theory,6
993,Case Based,0
994,Probabilistic Methods,3
995,Rule Learning,5
996,Reinforcement Learning,4
997,Genetic Algorithms,1
998,Neural Networks,2
999,Neural Networks,2
1000,Probabilistic Methods,3
1001,Reinforcement Learning,4
1002,Probabilistic Methods,3
1003,Neural Networks,2
1004,Neural Networks,2
1005,Probabilistic Methods,3
1006,Case Based,0
1007,Neural Networks,2
1008,Case Based,0
1009,Genetic Algorithms,1
1010,Reinforcement Learning,4
1011,Genetic Algorithms,1
1012,Case Based,0
1013,Theoret,6
1014,Probabilistic Methods,3
1015,Reinforcement Learning,4
1016,Probabilistic Methods,3
1017,Case Based,0
1018,Reinforcement Learning,4
1019,Probabilistic Methods,3
1020,Probabilistic Methods,3
1021,Probabilistic Methods,3
1022,Rule Learning,5
1023,Probabilistic Methods,3
1024,Probabilistic Methods,3
1025,Case Based,0
1026,Probabilistic Methods,3
1027,Theory,6
1028,Rule Learning,5
1029,Rule Learning,5
1030,Neural Networks,2
1031,Probabilistic Methods,3
1032,Rule Learning,5
1033,Neural Networks,2
1034,Neural Networks,2
1035,Neural Networks,2
1036,Case Based,0
1037,Neural Networks,2
1038,Neural Networks,2
1039,Reinforcement Learning,4
1040,Genetic Algorithms,1
1041,Neural Networks,2
1042,Case Based,0
1043,Probabilistic Methods,3
1044,Probabilistic Methods,3
1045,Rule Learning,5
1046,Reinforcement Learning,4
1047,Case Based,0
1048,Probabilistic Methods,3
1049,Probabilistic Methods,3
1050,Reinforcement Learning,4
1051,Reinforcement Learning,4
1052,Probabilistic Methods,3
1053,Probabilistic Methods,3
1054,Genetic Algorithms,1
1055,Probabilistic Methods,3
1056,Probabilistic Methods,3
1057,Neural Networks,2
1058,Case Based,0
1059,Probabilistic Methods,3
1060,Rule Learning,5
1061,Reinforcement Learning,4
1062,Case Based,0
1063,Reinforcement Learning,4
1064,Reinforcement Learning,4
1065,Genetic Algorithms,1
1066,Probabilistic Methods,3
1067,Neural Networks,2
1068,Reinforcement Learning,4
1069,Case Based,0
1070,Rule Learning,5
1071,Reinforcement Learning,4
1072,Genetic Algorithms,1
1073,Probabilistic Methods,3
1074,Theoret,6
1075,Probabilistic Methods,3
1076,Theory,6
1077,Neural Networks,2
1078,Case Based,0
1079,Reinforcement Learning,4
1080,Probabilistic Methods,3
1081,Reinforcement Learning,4
1082,Reinforcement Learning,4
1083,Probabilistic Methods,3
1084,Probabilistic Methods,3
1085,Theory,6
1086,Probabilistic Methods,3
1087,Reinforcement Learning,4
1088,Genetic Algorithms,1
1089,Genetic Algorithms,1
1090,Probabilistic Methods,3
1091,Probabilistic Methods,3
1092,Probabilistic Methods,3
1093,Probabilistic Methods,3
1094,Reinforcement Learning,4
1095,Probabilistic Methods,3
1096,Probabilistic Methods,3
1097,Reinforcement Learning,4
1098,Genetic Algorithms,1
1099,Probabilistic Methods,3
1100,Probabilistic Methods,3
1101,Probabilistic Methods,3
1102,Reinforcement Learning,4
1103,Neural Networks,2
1104,Case Based,0
1105,Rule Learning,5
1106,Probabilistic Methods,3
1107,Probabilistic Methods,3
1108,Probabilistic Methods,3
1109,Reinforcement Learning,4
1110,Case Based,0
1111,Probabilistic Methods,3
1112,Reinforcement Learning,4
1113,Rule Learning,5
1114,Neural Networks,2
1115,Reinforcement Learning,4
1116,Probabilistic Methods,3
1117,Case Based,0
1118,Case Based,0
1119,Probabilistic Methods,3
1120,Case Based,0
1121,Probabilistic Methods,3
1122,Rule Learning,5
1123,Neural Networks,2
1124,Probabilistic Methods,3
1125,Case Based,0
1126,Probabilistic Methods,3
1127,Probabilistic Methods,3
1128,Rule Learning,5
1129,Reinforcement Learning,4
1130,Probabilistic Methods,3
1131,Probabilistic Methods,3
1132,Probabilistic Methods,3
1133,Rule Learning,5
1134,Probabilistic Methods,3
1135,Reinforcement Learning,4
1136,Neural Networks,2
1137,Case Based,0
1138,Reinforcement Learning,4
1139,Case Based,0
1140,Genetic Algorithms,1
1141,Reinforcement Learning,4
1142,Genetic Algorithms,1
1143,Reinforcement Learning,4
1144,Genetic Algorithms,1
1145,Neural Networks,2
1146,Genetic Algorithms,1
1147,Probabilistic Methods,3
1148,Neural Networks,2
1149,Probabilistic Methods,3
1150,Neural Networks,2
1151,Probabilistic Methods,3
1152,Case Based,0
1153,Reinforcement Learning,4
1154,Neural Networks,2
1155,Neural Networks,2
1156,Case Based,0
1157,Reinforcement Learning,4
1158,Genetic Algorithms,1
1159,Probabilistic Methods,3
1160,Case Based,0
1161,Neural Networks,2
1162,Reinforcement Learning,4
1163,Theoret,6
1164,Neural Networks,2
1165,Theory,6
1166,Probabilistic Methods,3
1167,Neural Networks,2
1168,Rule Learning,5
1169,Neural Networks,2
1170,Theory,6
1171,Probabilistic Methods,3
1172,Case Based,0
1173,Neural Networks,2
1174,Case Based,0
1175,Neural Networks,2
1176,Probabilistic Methods,3
1177,Probabilistic Methods,3
1178,Reinforcement Learning,4
1179,Rule Learning,5
1180,Genetic Algorithms,1
1181,Rule Learning,5
1182,Rule Learning,5
1183,Rule Learning,5
1184,Rule Learning,5
1185,Probabilistic Methods,3
1186,Probabilistic Methods,3
1187,Genetic Algorithms,1
1188,Case Based,0
1189,Neural Networks,2
1190,Rule Learning,5
1191,Probabilistic Methods,3
1192,Case Based,0
1193,Genetic Algorithms,1
1194,Reinforcement Learning,4
1195,Probabilistic Methods,3
1196,Reinforcement Learning,4
1197,Genetic Algorithms,1
1198,Case Based,0
1199,Neural Networks,2
1200,Probabilistic Methods,3
1201,Probabilistic Methods,3
1202,Reinforcement Learning,4
1203,Case Based,0
1204,Case Based,0
1205,Neural Networks,2
1206,Reinforcement Learning,4
1207,Reinforcement Learning,4
1208,Reinforcement Learning,4
1209,Case Based,0
1210,Neural Networks,2
1211,Probabilistic Methods,3
1212,Probabilistic Methods,3
1213,Probabilistic Methods,3
1214,Neural Networks,2
1215,Case Based,0
1216,Neural Networks,2
1217,Probabilistic Methods,3
1218,Case Based,0
1219,Probabilistic Methods,3
1220,Case Based,0
1221,Probabilistic Methods,3
1222,Rule Learning,5
1223,Probabilistic Methods,3
1224,Rule Learning,5
1225,Probabilistic Methods,3
1226,Rule Learning,5
1227,Rule Learning,5
1228,Case Based,0
1229,Neural Networks,2
1230,Reinforcement Learning,4
1231,Probabilistic Methods,3
1232,Case Based,0
1233,Neural Networks,2
1234,Reinforcement Learning,4
1235,Probabilistic Methods,3
1236,Theory,6
1237,Rule Learning,5
1238,Neural Networks,2
1239,Probabilistic Methods,3
1240,Reinforcement Learning,4
1241,Probabilistic Methods,3
1242,Probabilistic Methods,3
1243,Neural Networks,2
1244,Neural Networks,2
1245,Genetic Algorithms,1
1246,Reinforcement Learning,4
1247,Probabilistic Methods,3
1248,Genetic Algorithms,1
1249,Neural Networks,2
1250,Neural Networks,2
1251,Genetic Algorithms,1
1252,Neural Networks,2
1253,Genetic Algorithms,1
1254,Neural Networks,2
1255,Reinforcement Learning,4
1256,Probabilistic Methods,3
1257,Reinforcement Learning,4
1258,Genetic Algorithms,1
1259,Reinforcement Learning,4
1260,Reinforcement Learning,4
1261,Reinforcement Learning,4
1262,Neural Networks,2
1263,Case Based,0
1264,Reinforcement Learning,4
1265,Case Based,0
1266,Reinforcement Learning,4
1267,Rule Learning,5
1268,Probabilistic Methods,3
1269,Rule Learning,5
1270,Probabilistic Methods,3
1271,Probabilistic Methods,3
1272,Probabilistic Methods,3
1273,Probabilistic Methods,3
1274,Case Based,0
1275,Case Based,0
1276,Rule Learning,5
1277,Rule Learning,5
1278,Reinforcement Learning,4
1279,Case Based,0
1280,Neural Networks,2
1281,Neural Networks,2
1282,Genetic Algorithms,1
1283,Genetic Algorithms,1
1284,Neural Networks,2
1285,Case Based,0
1286,Reinforcement Learning,4
1287,Neural Networks,2
1288,Case Based,0
1289,Probabilistic Methods,3
1290,Probabilistic Methods,3
1291,Theory,6
1292,Neural Networks,2
1293,Case Based,0
1294,Case Based,0
1295,Probabilistic Methods,3
1296,Case Based,0
1297,Probabilistic Methods,3
1298,Probabilistic Methods,3
1299,Probabilistic Methods,3
1300,Probabilistic Methods,3
1301,Probabilistic Methods,3
1302,Case Based,0
1303,Case Based,0
1304,Genetic Algorithms,1
1305,Neural Networks,2
1306,Neural Networks,2
1307,Neural Networks,2
1308,Neural Networks,2
1309,Rule Learning,5
1310,Probabilistic Methods,3
1311,Neural Networks,2
1312,Rule Learning,5
1313, Rule Learning,5
1314,Rule Learning,5
1315,Probabilistic Methods,3
1316,Probabilistic Methods,3
1317,Neural Networks,2
1318,Reinforcement Learning,4
1319,Case Based,0
1320,Reinforcement Learning,4
1321,Probabilistic Methods,3
1322,Reinforcement Learning,4
1323,Probabilistic Methods,3
1324,Reinforcement Learning,4
1325,Probabilistic Methods,3
1326,Probabilistic Methods,3
1327,"Case Based
Theory",2
1328,Theory,6
1329,Reinforcement Learning,4
1330,Probabilistic Methods,3
1331,Probabilistic Methods,3
1332,Case Based,0
1333,Case Based,0
1334,Probabilistic Methods,3
1335,Genetic Algorithms,1
1336,Genetic Algorithms,1
1337,Genetic Algorithms,1
1338,Case Based,0
1339,Neural Networks,2
1340,Reinforcement Learning,4
1341,Probabilistic Methods,3
1342,Reinforcement Learning,4
1343,Probabilistic Methods,3
1344,Theory,6
1345,Neural Networks,2
1346,Case Based,0
1347,Probabilistic Methods,3
1348,Probabilistic Methods,3
1349,Reinforcement Learning,4
1350,Reinforcement Learning,4
1351,Theory,6
1352,Theory,6
1353,Rule Learning,5
1354,Rule Learning,5
1355,Probabilistic Methods,3
1356,Probabilistic Methods,3
1357,Case Based,0
1358,Neural Networks,2
1359,Theory,6
1360,Rule Learning,5
1361,Neural Networks,2
1362,Theory,6
1363,Probabilistic Methods,3
1364,Probabilistic Methods,3
1365,Reinforcement Learning,4
1366,Reinforcement Learning,4
1367,Genetic Algorithms,1
1368,Rule Learning,5
1369,Reinforcement Learning,4
1370,Rule Learning,5
1371,Probabilistic Methods,3
1372,Theory,6
1373,Neural Networks,2
1374,Neural Networks,2
1375,Rule Learning,5
1376,Neural Networks,2
1377,Case Based,0
1378,Rule Learning,5
1379,Reinforcement Learning,4
1380,Reinforcement Learning,4
1381,Reinforcement Learning,4
1382,Probabilistic Methods,3
1383,Neural Networks,2
1384,Neural Networks,2
1385,Reinforcement Learning,4
1386,Probabilistic Methods,3
1387,Rule Learning,5
1388,Case Based,0
1389,Neural Networks,2
1390,Reinforcement Learning,4
1391,Case Based,0
1392,Probabilistic Methods,3
1393,Probabilistic Methods,3
1394,Case Based,0
1395,Case Based,0
1396,Theory,6
1397,Case Based,0
1398,Neural Networks,2
1399,Theory,6
1400,Probabilistic Methods,3
1401,Reinforcement Learning,4
1402,Theory,6
1403,Rule Learning,5
1404,Rule Learning,5
1405,Probabilistic Methods,3
1406,Reinforcement Learning,4
1407,Neural Networks,2
1408,Rule Learning,5
1409,Rule Learning,5
1410,Case Based,0
1411,Genetic Algorithms,1
1412,Neural Networks,2
1413,Probabilistic Methods,3
1414,Rule Learning,5
1415,Rule Learning,5
1416,Case Based,0
1417,Reinforcement Learning,4
1418,Reinforcement Learning,4
1419,Reinforcement Learning,4
1420,Theory,6
1421,Theory,6
1422,Reinforcement Learning,4
1423,Case Based,0
1424,Probabilistic Methods,3
1425,Reinforcement Learning,4
1426,Neural Networks,2
1427,Neural Networks,2
1428,Reinforcement Learning,4
1429,Reinforcement Learning,4
1430,Neural Networks,2
1431,Neural Networks,2
1432,Genetic Algorithms,1
1433,Neural Networks,2
1434,Probabilistic Methods,3
1435,Neural Networks,2
1436,Reinforcement Learning,4
1437,Reinforcement Learning,4
1438,Probabilistic Methods,3
1439,Probabilistic Methods,3
1440,Probabilistic Methods,3
1441,Rule Learning,5
1442,Probabilistic Methods,3
1443,Reinforcement Learning,4
1444,Neural Networks,2
1445,Probabilistic Methods,3
1446,Probabilistic Methods,3
1447,Probabilistic Methods,3
1448,Genetic Algorithms,1
1449,Reinforcement Learning,4
1450,Probabilistic Methods,3
1451,Reinforcement Learning,4
1452,Reinforcement Learning,4
1453,Probabilistic Methods,3
1454,Reinforcement Learning,4
1455,Rule Learning,5
1456,Probabilistic Methods,3
1457,Probabilistic Methods,3
1458,Probabilistic Methods,3
1459,Genetic Algorithms,1
1460,Neural Networks,2
1461,Reinforcement Learning,4
1462,Probabilistic Methods,3
1463,Case Based,0
1464,Theory,6
1465,Probabilistic Methods,3
1466,Neural Networks,2
1467,Case Based,0
1468,Case Based,0
1469,Probabilistic Methods,3
1470,Rule Learning,5
1471,Neural Networks,2
1472,Probabilistic Methods,3
1473,Probabilistic Methods,3
1474,Reinforcement Learning,4
1475,Case Based,0
1476,Theory,6
1477,Probabilistic Methods,3
1478,Neural Networks,2
1479,Probabilistic Methods,3
1480,Case Based,0
1481,Reinforcement Learning,4
1482,Theory,6
1483,Neural Networks,2
1484,Reinforcement Learning,4
1485,Theory,6
1486,Neural Networks,2
1487,Theory,6
1488,Probabilistic Methods,3
1489,Probabilistic Methods,3
1490,Genetic Algorithms,1
1491,Reinforcement Learning,4
1492,Neural Networks,2
1493,Reinforcement Learning,4
1494,Rule Learning,5
1495,Case Based,0
1496,Probabilistic Methods,3
1497,Probabilistic Methods,3
1498,Case Based,0
1499,Neural Networks,2
1500,Reinforcement Learning,4
1501,Theory,6
1502,Probabilistic Methods,3
1503,Probabilistic Methods,3
1504,Theory,6
1505,Genetic Algorithms,1
1506,Genetic Algorithms,1
1507,Theory,6
1508,Probabilistic Methods,3
1509,Neural Networks,2
1510,Reinforcement Learning,4
1511,Reinforcement Learning,4
1512,Genetic Algorithms,1
1513,Neural Networks,2
1514,Probabilistic Methods,3
1515,Case Based,0
1516,Neural Networks,2
1517,Case Based,0
1518,Reinforcement Learning,4
1519,Probabilistic Methods,3
1520,Neural Networks,2
1521,Rule Learning,5
1522,Reinforcement Learning,4
1523,Genetic Algorithms,1
1524,Case Based,0
1525,Case Based,0
1526,Case Based,0
1527,Theory,6
1528,Neural Networks,2
1529,Reinforcement Learning,4
1530,Reinforcement Learning,4
1531,Reinforcement Learning,4
1532,Reinforcement Learning,4
1533,Reinforcement Learning,4
1534,Reinforcement Learning,4
1535,Case Based,0
1536,Case Based,0
1537,Rule Learning,5
1538,Rule Learning,5
1539,Theory,6
1540,Case Based,0
1541,Probabilistic Methods,3
1542,Probabilistic Methods,3
1543,Rule Learning,5
1544,Neural Networks,2
1545,Reinforcement Learning,4
1546,Neural Networks,2
1547,Neural Networks,2
1548,Probabilistic Methods,3
1549,Rule Learning,5
1550,Neural Networks,2
1551,Genetic Algorithms,1
1552,Genetic Algorithms,1
1553,Rule Learning,5
1554,Probabilistic Methods,3
1555,Rule Learning,5
1556,Case Based,0
1557,Case Based,0
1558,Probabilistic Methods,3
1559,Reinforcement Learning,4
1560,Genetic Algorithms,1
1561,Genetic Algorithms,1
1562,Neural Networks,2
1563,Probabilistic Methods,3
1564,Genetic Algorithms,1
1565,Neural Networks,2
1566,Neural Networks,2
1567,Probabilistic Methods,3
1568,Neural Networks,2
1569,Reinforcement Learning,4
1570,Probabilistic Methods,3
1571,Genetic Algorithms,1
1572,Genetic Algorithms,1
1573,Probabilistic Methods,3
1574,Probabilistic Methods,3
1575,Probabilistic Methods,3
1576,Genetic Algorithms,1
1577,Probabilistic Methods,3
1578,Rule Learning,5
1579,Rule Learning,5
1580,Case Based,0
1581,Probabilistic Methods,3
1582,Probabilistic Methods,3
1583,Theory,6
1584,Genetic Algorithms,1
1585,Reinforcement Learning,4
1586,Neural Networks,2
1587,Case Based,0
1588,Case Based,0
1589,Neural Networks,2
1590,Reinforcement Learning,4
1591,Probabilistic Methods,3
1592,Case Based,0
1593,Theory,6
1594,Theory,6
1595,Case Based,0
1596,Neural Networks,2
1597,Reinforcement Learning,4
1598,Probabilistic Methods,3
1599,Neural Networks,2
1600,Probabilistic Methods,3
1601,Neural Networks,2
1602,Case Based,0
1603,Genetic Algorithms,1
1604,Neural Networks,2
1605,Probabilistic Methods,3
1606,Neural Networks,2
1607,Probabilistic Methods,3
1608,Probabilistic Methods,3
1609,Genetic Algorithms,1
1610,Neural Networks,2
1611,Probabilistic Methods,3
1612,Neural Networks,2
1613,Probabilistic Methods,3
1614,Reinforcement Learning,4
1615,Probabilistic Methods,3
1616,Theory,6
1617,Neural Networks,2
1618,Reinforcement Learning,4
1619,Rule Learning,5
1620,Neural Networks,2
1621,Probabilistic Methods,3
1622,Genetic Algorithms,1
1623,Genetic Algorithms,1
1624,Reinforcement Learning,4
1625,Neural Networks,2
1626,3,3
1627,Rule Learning,5
1628,Case Based,0
1629,Neural Networks,2
1630,Rule Learning,5
1631,Case Based,0
1632,Neural Networks,2
1633,Probabilistic Methods,3
1634,Reinforcement Learning,4
1635,Case Based,0
1636,Probabilistic Methods,3
1637,Theory,6
1638,Genetic Algorithms,1
1639,Reinforcement Learning,4
1640,Genetic Algorithms,1
1641,Probabilistic Methods,3
1642,Neural Networks,2
1643,Reinforcement Learning,4
1644,Case Based,0
1645,Reinforcement Learning,4
1646,Neural Networks,2
1647,Theory,6
1648,Neural Networks,2
1649,Case Based,0
1650,Rule Learning,5
1651,Genetic Algorithms,1
1652,Case Based,0
1653,Reinforcement Learning,4
1654,Reinforcement Learning,4
1655,Probabilistic Methods,3
1656,Genetic Algorithms,1
1657,Probabilistic Methods,3
1658,Case Based,0
1659,Neural Networks,2
1660,Theory,6
1661,Rule Learning,5
1662,Probabilistic Methods,3
1663,Probabilistic Methods,3
1664,Genetic Algorithms,1
1665,Probabilistic Methods,3
1666,Reinforcement Learning,4
1667,Case Based,0
1668,Case Based,0
1669,Reinforcement Learning,4
1670,Genetic Algorithms,1
1671,Reinforcement Learning,4
1672,Case Based,0
1673,Reinforcement Learning,4
1674,Theory,6
1675,Case Based,0
1676,Theory,6
1677,Reinforcement Learning,4
1678,Neural Networks,2
1679,Probabilistic Methods,3
1680,Case Based,0
1681,Probabilistic Methods,3
1682,Case Based,0
1683,Theory,6
1684,Probabilistic Methods,3
1685,Neural Networks,2
1686,Reinforcement Learning,4
1687,Neural Networks,2
1688,Reinforcement Learning,4
1689,Neural Networks,2
1690,Theory,6
1691,Probabilistic Methods,3
1692,Probabilistic Methods,3
1693,Case Based,0
1694,Neural Networks,2
1695,Probabilistic Methods,3
1696,Case Based,0
1697,Probabilistic Methods,3
1698,Theory,6
1699,Genetic Algorithms,1
1700,Rule Learning,5
1701,Genetic Algorithms,1
1702,Reinforcement Learning,4
1703,Reinforcement Learning,4
1704,Probabilistic Methods,3
1705,Genetic Algorithms,1
1706,Neural Networks,2
1707,Rule Learning,5
1708,Neural Networks,2
1709,Neural Networks,2
1710,Neural Networks,2
1711,Neural Networks,2
1712,Neural Networks,2
1713,Neural Networks,2
1714,Neural Networks,2
1715,Neural Networks,2
1716,Neural Networks,2
1717,Neural Networks,2
1718,Neural Networks,2
1719,Neural Networks,2
1720,Neural Networks,2
1721,Neural Networks,2
1722,Neural Networks,2
1723,Probabilistic Methods,3
1724,Probabilistic Methods,3
1725,Neural Networks,2
1726,Neural Networks,2
1727,Neural Networks,2
1728,Genetic Algorithms,1
1729,Neural Networks,2
1730,Neural Networks,2
1731,Neural Networks,2
1732,Case Based,0
1733,Genetic Algorithms,1
1734,Neural Networks,2
1735,Neural Networks,2
1736,Neural Networks,2
1737,Neural Networks,2
1738,Neural Networks,2
1739,Neural Networks,2
1740,Neural Networks,2
1741,Neural Networks,2
1742,Neural Networks,2
1743,Neural Networks,2
1744,Neural Networks,2
1745,Neural Networks,2
1746,Neural Networks,2
1747,Neural Networks,2
1748,Neural Networks,2
1749,Neural Networks,2
1750,Neural Networks,2
1751,Neural Networks,2
1752,Neural Networks,2
1753,Neural Networks,2
1754,Neural Networks,2
1755,Neural Networks,2
1756,Neural Networks,2
1757,Neural Networks,2
1758,Neural Networks,2
1759,Neural Networks,2
1760,Neural Networks,2
1761,Neural Networks,2
1762,Neural Networks,2
1763,Neural Networks,2
1764,Rule Learning,5
1765,Neural Networks,2
1766,Neural Networks,2
1767,Genetic Algorithms,1
1768,Probabilistic Methods,3
1769,Genetic Algorithms,1
1770,Genetic Algorithms,1
1771,Genetic Algorithms,1
1772,Genetic Algorithms,1
1773,Genetic Algorithms,1
1774,Genetic Algorithms,1
1775,Genetic Algorithms,1
1776,Genetic Algorithms,1
1777,Genetic Algorithms,1
1778,Genetic Algorithms,1
1779,Genetic Algorithms,1
1780,Genetic Algorithms,1
1781,Genetic Algorithms,1
1782,Genetic Algorithms,1
1783,Genetic Algorithms,1
1784,Neural Networks,2
1785,Reinforcement Learning,4
1786,Genetic Algorithms,1
1787,Probabilistic Methods,3
1788,Genetic Algorithms,1
1789,Neural Networks,2
1790,Genetic Algorithms,1
1791,Genetic Algorithms,1
1792,Rule Learning,5
1793,Reinforcement Learning,4
1794,Reinforcement Learning,4
1795,Reinforcement Learning,4
1796,Reinforcement Learning,4
1797,Genetic Algorithms,1
1798,Genetic Algorithms,1
1799,Neural Networks,2
1800,Neural Networks,2
1801,Neural Networks,2
1802,Genetic Algorithms,1
1803,Case Based,0
1804,Genetic Algorithms,1
1805,Genetic Algorithms,1
1806,Probabilistic Methods,3
1807,Reinforcement Learning,4
1808,Probabilistic Methods,3
1809,Probabilistic Methods,3
1810,Probabilistic Methods,3
1811,Probabilistic Methods,3
1812,Probabilistic Methods,3
1813,Probabilistic Methods,3
1814,Probabilistic Methods,3
1815,Probabilistic Methods,3
1816,Probabilistic Methods,3
1817,Probabilistic Methods,3
1818,Reinforcement Learning,4
1819,Probabilistic Methods,3
1820,Probabilistic Methods,3
1821,Probabilistic Methods,3
1822,Probabilistic Methods,3
1823,"
Probabilistic Methods",3
1824,Rule Learning,5
1825,Rule Learning,5
1826,Rule Learning,5
1827,Rule Learning,5
1828,Rule Learning,5
1829,Neural Networks,2
1830,Genetic Algorithms,1
1831,Neural Networks,2
1832,Neural Networks,2
1833,Neural Networks,2
1834,Neural Networks,2
1835,Theory,6
1836,Theory,6
1837,Probabilistic Methods,3
1838,Case Based,0
1839,Probabilistic Methods,3
1840,Rule Learning,5
1841,Case Based,0
1842,Case Based,0
1843,Case Based,0
1844,Probabilistic Methods,3
1845,Probabilistic Methods,3
1846,Probabilistic Methods,3
1847,Case Based,0
1848,Reinforcement Learning,4
1849,Theory,6
1850,Case Based,0
1851,Rule Learning,5
1852,Genetic Algorithms,1
1853,Probabilistic Methods,3
1854,Probabilistic Methods,3
1855,Probabilistic Methods,3
1856,Genetic Algorithms,1
1857,Case Based,0
1858,Probabilistic Methods,3
1859,Probabilistic Methods,3
1860,Probabilistic Methods,3
1861,Probabilistic Methods,3
1862,Probabilistic Methods,3
1863,Probabilistic Methods,3
1864,Probabilistic Methods,3
1865,Probabilistic Methods,3
1866,Probabilistic Methods,3
1867,Probabilistic Methods,3
1868,Probabilistic Methods,3
1869,Probabilistic Methods,3
1870,Probabilistic Methods,3
1871,Probabilistic Methods,3
1872,Probabilistic Methods,3
1873,Genetic Algorithms,1
1874,Probabilistic Methods,3
1875,Probabilistic Methods,3
1876,Probabilistic Methods,3
1877,Probabilistic Methods,3
1878,Rule Learning,5
1879,Rule Learning,5
1880,Rule Learning,5
1881,Rule Learning,5
1882,Rule Learning,5
1883,Rule Learning,5
1884,Rule Learning,5
1885,Rule Learning,5
1886,Neural Networks,2
1887,Neural Networks,2
1888,Neural Networks,2
1889,Reinforcement Learning,4
1890,Reinforcement Learning,4
1891,Reinforcement Learning,4
1892,5. Rule Learning,5
1893,Reinforcement Learning,4
1894,Reinforcement Learning,4
1895,Neural Networks,2
1896,Rule Learning,5
1897,Rule Learning,5
1898,Rule Learning,5
1899,Rule Learning,5
1900,Theory,6
1901,Rule Learning,5
1902,Rule Learning,5
1903,Rule Learning,5
1904,Rule Learning,5
1905,Reinforcement Learning,4
1906,Reinforcement Learning,4
1907,Probabilistic Methods,3
1908,Rule Learning,5
1909,Case Based,0
1910,Genetic Algorithms,1
1911,Case Based,0
1912,Reinforcement Learning,4
1913,Case Based,0
1914,Theory,6
1915,Theory,6
1916,Theory,6
1917,Rule Learning,5
1918,Theory,6
1919,Theory,6
1920,Theory,6
1921,Probabilistic Methods,3
1922,Case Based,0
1923,Case Based,0
1924,Case Based,0
1925,Genetic Algorithms,1
1926,Case Based,0
1927,Case Based,0
1928,Probabilistic Methods,3
1929,Reinforcement Learning,4
1930,Case Based,0
1931,Probabilistic Methods,3
1932,Reinforcement Learning,4
1933,Probabilistic Methods,3
1934,Probabilistic Methods,3
1935,Probabilistic Methods,3
1936,Probabilistic Methods,3
1937,Genetic Algorithms,1
1938,Probabilistic Methods,3
1939,Probabilistic Methods,3
1940,Probabilistic Methods,3
1941,Probabilistic Methods,3
1942,Probabilistic Methods,3
1943,Probabilistic Methods,3
1944,Probabilistic Methods,3
1945,Probabilistic Methods,3
1946,Probabilistic Methods,3
1947,Probabilistic Methods,3
1948,Probabilistic Methods,3
1949,Probabilistic Methods,3
1950,Probabilistic Methods,3
1951,Probabilistic Methods,3
1952,Probabilistic Methods,3
1953,Rule Learning,5
1954,Rule Learning,5
1955,Rule Learning,5
1956,Rule Learning,5
1957,Rule Learning,5
1958,Rule Learning,5
1959,Rule Learning,5
1960,Rule Learning,5
1961,Rule Learning,5
1962,Rule Learning,5
1963,Rule Learning,5
1964,Reinforcement Learning,4
1965,Reinforcement Learning,4
1966,Reinforcement Learning,4
1967,Reinforcement Learning,4
1968,Reinforcement Learning,4
1969,Reinforcement Learning,4
1970,Reinforcement Learning,4
1971,Reinforcement Learning,4
1972,Theory,6
1973,Theory,6
1974,Rule Learning,5
1975,Case Based,0
1976,Case Based,0
1977,Probabilistic Methods,3
1978,Case Based,0
1979,Rule Learning,5
1980,Rule Learning,5
1981,Case Based,0
1982,Rule Learning,5
1983,Rule Learning,5
1984,Reinforcement Learning,4
1985,Case Based,0
1986,Probabilistic Methods,3
1987,Probabilistic Methods,3
1988,Probabilistic Methods,3
1989,Probabilistic Methods,3
1990,Probabilistic Methods,3
1991,Genetic Algorithms,1
1992,Probabilistic Methods,3
1993,Reinforcement Learning,4
1994,Probabilistic Methods,3
1995,Probabilistic Methods,3
1996,Probabilistic Methods,3
1997,Probabilistic Methods,3
1998,Genetic Algorithms,1
1999,Probabilistic Methods,3
2000,Genetic Algorithms,1
2001,Probabilistic Methods,3
2002,Probabilistic Methods,3
2003,Reinforcement Learning,4
2004,Probabilistic Methods,3
2005,Probabilistic Methods,3
2006,Probabilistic Methods,3
2007,Probabilistic Methods,3
2008,Probabilistic Methods,3
2009,Probabilistic Methods,3
2010,Case Based,0
2011,Probabilistic Methods,3
2012,Case Based,0
2013,Theory,6
2014,Case Based,0
2015,Case Based,0
2016,Case Based,0
2017,Rule Learning,5
2018,Case Based,0
2019,Case Based,0
2020,Reinforcement Learning,4
2021,Case Based,0
2022,Case Based,0
2023,Case Based,0
2024,Case Based,0
2025,Genetic Algorithms,1
2026,Genetic Algorithms,1
2027,Case Based,0
2028,Probabilistic Methods,3
2029,Rule Learning,5
2030,Theory,6
2031,Reinforcement Learning,4
2032,Reinforcement Learning,4
2033,Reinforcement Learning,4
2034,Genetic Algorithms,1
2035,Genetic Algorithms,1
2036,Probabilistic Methods,3
2037,Reinforcement Learning,4
2038,Genetic Algorithms,1
2039,Reinforcement Learning,4
2040,Reinforcement Learning,4
2041,Probabilistic Methods,3
2042,Reinforcement Learning,4
2043,Genetic Algorithms,1
2044,Reinforcement Learning,4
2045,Genetic Algorithms,1
2046,Genetic Algorithms,1
2047,Genetic Algorithms,1
2048,Genetic Algorithms,1
2049,Case Based,0
2050,Theory,6
2051,Case Based,0
2052,Case Based,0
2053,Case Based,0
2054,Case Based,0
2055,Case Based,0
2056,Case Based,0
2057,Case Based,0
2058,Neural Networks,2
2059,Reinforcement Learning,4
2060,Rule Learning,5
2061,Rule Learning,5
2062,Rule Learning,5
2063,Probabilistic Methods,3
2064,Probabilistic Methods,3
2065,Probabilistic Methods,3
2066,Probabilistic Methods,3
2067,Probabilistic Methods,3
2068,Case Based,0
2069,Case Based,0
2070,Rule Learning,5
2071,Neural Networks,2
2072,Case Based,0
2073,Case Based,0
2074,Case Based,0
2075,Probabilistic Methods,3
2076,Probabilistic Methods,3
2077,Probabilistic Methods,3
2078,Case Based,0
2079,Genetic Algorithms,1
2080,Genetic Algorithms,1
2081,Genetic Algorithms,1
2082,Genetic Algorithms,1
2083,Neural Networks,2
2084,Genetic Algorithms,1
2085,Genetic Algorithms,1
2086,Genetic Algorithms,1
2087,Genetic Algorithms,1
2088,Genetic Algorithms,1
2089,Genetic Algorithms,1
2090,Genetic Algorithms,1
2091,Genetic Algorithms,1
2092,Genetic Algorithms,1
2093,Genetic Algorithms,1
2094,Rule Learning,5
2095,Genetic Algorithms,1
2096,Genetic Algorithms,1
2097,Reinforcement Learning,4
2098,Case Based,0
2099,Case Based,0
2100,Rule Learning,5
2101,"
Case Based",0
2102,Rule Learning,5
2103,Reinforcement Learning,4
2104,Rule Learning,5
2105,Rule Learning,5
2106,Genetic Algorithms,1
2107,Genetic Algorithms,1
2108,Reinforcement Learning,4
2109,Theory,6
2110,Theory,6
2111,Case Based,0
2112,Theory,6
2113,Neural Networks,2
2114,Case Based,0
2115,Probabilistic Methods,3
2116,Case Based,0
2117,Probabilistic Methods,3
2118,Probabilistic Methods,3
2119,Reinforcement Learning,4
2120,Reinforcement Learning,4
2121,Reinforcement Learning,4
2122,Reinforcement Learning,4
2123,Reinforcement Learning,4
2124,Probabilistic Methods,3
2125,Probabilistic Methods,3
2126,Probabilistic Methods,3
2127,Reinforcement Learning,4
2128,Probabilistic Methods,3
2129,Probabilistic Methods,3
2130,Reinforcement Learning,4
2131,Probabilistic Methods,3
2132,Theory,6
2133,Case Based,0
2134,Theory,6
2135,Theory,6
2136,Case Based,0
2137,Rule Learning,5
2138,Probabilistic Methods,3
2139,Probabilistic Methods,3
2140,Probabilistic Methods,3
2141,Probabilistic Methods,3
2142,Probabilistic Methods,3
2143,Genetic Algorithms,1
2144,Genetic Algorithms,1
2145,Genetic Algorithms,1
2146,Probabilistic Methods,3
2147,Probabilistic Methods,3
2148,Probabilistic Methods,3
2149,Probabilistic Methods,3
2150,Neural Networks,2
2151,Theory,6
2152,Case Based,0
2153,Case Based,0
2154,Case Based,0
2155,Case Based,0
2156,Case Based,0
2157,Theory,6
2158,Theory,6
2159,Theoret,6
2160,Theory,6
2161,Theory,6
2162,Probabilistic Methods,3
2163,Case Based,0
2164,Theory,6
2165,Case Based,0
2166,Theory,6
2167,Neural Networks,2
2168,Genetic Algorithms,1
2169,Genetic Algorithms,1
2170,Case Based,0
2171,Case Based,0
2172,Case Based,0
2173,Theory,6
2174,Theory,6
2175,Probabilistic Methods,3
2176,Probabilistic Methods,3
2177,Probabilistic Methods,3
2178,Rule Learning,5
2179,Case Based,0
2180,Case Based,0
2181,Case Based,0
2182,Case Based,0
2183,Case Based,0
2184,Rule Learning,5
2185,Rule Learning,5
2186,Case Based,0
2187,Probabilistic Methods,3
2188,Rule Learning,5
2189,Case Based,0
2190,Theory,6
2191,Probabilistic Methods,3
2192,Theory,6
2193,Case Based,0
2194,Case Based,0
2195,Theory,6
2196,Case Based,0
2197,Case Based,0
2198,Case Based,0
2199,Case Based,0
2200,Case Based,0
2201,Case Based,0
2202,Case Based,0
2203,Case Based,0
2204,Probabilistic Methods,3
2205,Probabilistic Methods,3
2206,Probabilistic Methods,3
2207,Neural Networks,2
2208,Neural Networks,2
2209,Theory,6
2210,Genetic Algorithms,1
2211,Case Based,0
2212,Probabilistic Methods,3
2213,Probabilistic Methods,3
2214,Probabilistic Methods,3
2215,Probabilistic Methods,3
2216,Probabilistic Methods,3
2217,Rule Learning,5
2218,Probabilistic Methods,3
2219,Case Based,0
2220,Neural Networks,2
2221,Neural Networks,2
2222,Reinforcement Learning,4
2223,Reinforcement Learning,4
2224,Reinforcement Learning,4
2225,Reinforcement Learning,4
2226,Reinforcement Learning,4
2227,Theory,6
2228,Rule Learning,5
2229,Reinforcement Learning,4
2230,Case Based,0
2231,Case Based,0
2232,Case Based,0
2233,Case Based,0
2234,Case Based,0
2235,Rule Learning,5
2236,Reinforcement Learning,4
2237,Reinforcement Learning,4
2238,"
Reinforcement Learning",4
2239,Reinforcement Learning,4
2240,Reinforcement Learning,4
2241,Probabilistic Methods,3
2242,Probabilistic Methods,3
2243,Reinforcement Learning,4
2244,Probabilistic Methods,3
2245,Probabilistic Methods,3
2246,Probabilistic Methods,3
2247,Case Based,0
2248,Reinforcement Learning,4
2249,Reinforcement Learning,4
2250,Reinforcement Learning,4
2251,Genetic Algorithms,1
2252,Genetic Algorithms,1
2253,Probabilistic Methods,3
2254,Genetic Algorithms,1
2255,Genetic Algorithms,1
2256,Rule Learning,5
2257,Probabilistic Methods,3
2258,Probabilistic Methods,3
2259,Reinforcement Learning,4
2260,Reinforcement Learning,4
2261,Case Based,0
2262,Reinforcement Learning,4
2263,Reinforcement Learning,4
2264,Case Based,0
2265,Reinforcement Learning,4
2266,Case Based,0
2267,Case Based,0
2268,Probabilistic Methods,3
2269,Rule Learning,5
2270,Rule Learning,5
2271,Rule Learning,5
2272,Rule Learning,5
2273,Rule Learning,5
2274,Rule Learning,5
2275,Rule Learning,5
2276,Probabilistic Methods,3
2277,Case Based,0
2278,Theory,6
2279,Neural Networks,2
2280,Probabilistic Methods,3
2281,Rule Learning,5
2282,Theory,6
2283,Probabilistic Methods,3
2284,Rule Learning,5
2285,Rule Learning,5
2286,Rule Learning,5
2287,Rule Learning,5
2288,Rule Learning,5
2289,Reinforcement Learning,4
2290,Reinforcement Learning,4
2291,Case Based,0
2292,Case Based,0
2293,Case Based,0
2294,Case Based,0
2295,Rule Learning,5
2296,Probabilistic Methods,3
2297,Reinforcement Learning,4
2298,Reinforcement Learning,4
2299,Reinforcement Learning,4
2300,Genetic Algorithms,1
2301,Probabilistic Methods,3
2302,Probabilistic Methods,3
2303,Case Based,0
2304,Probabilistic Methods,3
2305,Case Based,0
2306,Probabilistic Methods,3
2307,Neural Networks,2
2308,Case Based,0
2309,Reinforcement Learning,4
2310,Case Based,0
2311,Case Based,0
2312,Theory,6
2313,Probabilistic Methods,3
2314,Case Based,0
2315,Probabilistic Methods,3
2316,Reinforcement Learning,4
2317,Probabilistic Methods,3
2318,Genetic Algorithms,1
2319,Probabilistic Methods,3
2320,Genetic Algorithms,1
2321,Case Based,0
2322,Genetic Algorithms,1
2323,Rule Learning,5
2324,Neural Networks,2
2325,Genetic Algorithms,1
2326,Genetic Algorithms,1
2327,Genetic Algorithms,1
2328,Genetic Algorithms,1
2329,Case Based,0
2330,Case Based,0
2331,Genetic Algorithms,1
2332,Reinforcement Learning,4
2333,Case Based,0
2334,Neural Networks,2
2335,Reinforcement Learning,4
2336,Reinforcement Learning,4
2337,Reinforcement Learning,4
2338,Probabilistic Methods,3
2339,Probabilistic Methods,3
2340,Probabilistic Methods,3
2341,Reinforcement Learning,4
2342,Case Based,0
2343,Probabilistic Methods,3
2344,Probabilistic Methods,3
2345,Probabilistic Methods,3
2346,Probabilistic Methods,3
2347,Case Based,0
2348,Probabilistic Methods,3
2349,Probabilistic Methods,3
2350,Reinforcement Learning,4
2351,Reinforcement Learning,4
2352,Reinforcement Learning,4
2353,Reinforcement Learning,4
2354,Reinforcement Learning,4
2355,Reinforcement Learning,4
2356,Reinforcement Learning,4
2357,Reinforcement Learning,4
2358,Probabilistic Methods,3
2359,Genetic Algorithms,1
2360,Case Based,0
2361,Case Based,0
2362,Reinforcement Learning,4
2363,Rule Learning,5
2364,Case Based,0
2365,Neural Networks,2
2366,Neural Networks,2
2367,Probabilistic Methods,3
2368,Probabilistic Methods,3
2369,Probabilistic Methods,3
2370,Probabilistic Methods,3
2371,Probabilistic Methods,3
2372,Neural Networks,2
2373,Probabilistic Methods,3
2374,Rule Learning,5
2375,Rule Learning,5
2376,Reinforcement Learning,4
2377,Genetic Algorithms,1
2378,Reinforcement Learning,4
2379,Reinforcement Learning,4
2380,Reinforcement Learning,4
2381,Probabilistic Methods,3
2382,Reinforcement Learning,4
2383,Reinforcement Learning,4
2384,Case Based,0
2385,Rule Learning,5
2386,Reinforcement Learning,4
2387,Reinforcement Learning,4
2388,Case Based,0
2389,Neural Networks,2
2390,Neural Networks,2
2391,Neural Networks,2
2392,Neural Networks,2
2393,Reinforcement Learning,4
2394,Theory,6
2395,Theory,6
2396,Theory,6
2397,Theory,6
2398,Probabilistic Methods,3
2399,Reinforcement Learning,4
2400,Reinforcement Learning,4
2401,Reinforcement Learning,4
2402,Probabilistic Methods,3
2403,Probabilistic Methods,3
2404,Case Based,0
2405,Rule Learning,5
2406,Reinforcement Learning,4
2407,Rule Learning,5
2408,Case Based,0
2409,Probabilistic Methods,3
2410,Probabilistic Methods,3
2411,Genetic Algorithms,1
2412,Probabilistic Methods,3
2413,Neural Networks,2
2414,Probabilistic Methods,3
2415,Neural Networks,2
2416,Reinforcement Learning,4
2417,Case Based,0
2418,Case Based,0
2419,Case Based,0
2420,Probabilistic Methods,3
2421,Neural Networks,2
2422,Theory,6
2423,Case Based,0
2424,Case Based,0
2425,Probabilistic Methods,3
2426,Probabilistic Methods,3
2427,Rule Learning,5
2428,Rule Learning,5
2429,Reinforcement Learning,4
2430,Probabilistic Methods,3
2431,Reinforcement Learning,4
2432,Reinforcement Learning,4
2433,Neural Networks,2
2434,Reinforcement Learning,4
2435,Reinforcement Learning,4
2436,Case Based,0
2437,Probabilistic Methods,3
2438,Probabilistic Methods,3
2439,Neural Networks,2
2440,Neural Networks,2
2441,Neural Networks,2
2442,Neural Networks,2
2443,Neural Networks,2
2444,Neural Networks,2
2445,Neural Networks,2
2446,Neural Networks,2
2447,Neural Networks,2
2448,Neural Networks,2
2449,Case Based,0
2450,Neural Networks,2
2451,Neural Networks,2
2452,Neural Networks,2
2453,Case Based,0
2454,Theory,6
2455,Theory,6
2456,Neural Networks,2
2457,Theory,6
2458,Theory,6
2459,Neural Networks,2
2460,Neural Networks,2
2461,Theory,6
2462,Probabilistic Methods,3
2463,Reinforcement Learning,4
2464,Reinforcement Learning,4
2465,Reinforcement Learning,4
2466,Neural Networks,2
2467,Theory,6
2468,Theory,6
2469,Case Based,0
2470,Case Based,0
2471,Probabilistic Methods,3
2472,Case Based,0
2473,Reinforcement Learning,4
2474,Reinforcement Learning,4
2475,Probabilistic Methods,3
2476,Neural Networks,2
2477,Probabilistic Methods,3
2478,Genetic Algorithms,1
2479,"The selected label is:

4. Reinforcement Learning",4
2480,Theory,6
2481,Rule Learning,5
2482,Probabilistic Methods,3
2483,Probabilistic Methods,3
2484,Reinforcement Learning,4
2485,Theory,6
2486,Probabilistic Methods,3
2487,Genetic Algorithms,1
2488,Genetic Algorithms,1
2489,Probabilistic Methods,3
2490,Case Based,0
2491,Rule Learning,5
2492,Neural Networks,2
2493,Probabilistic Methods,3
2494,Probabilistic Methods,3
2495,Probabilistic Methods,3
2496,Reinforcement Learning,4
2497,Rule Learning,5
2498,Reinforcement Learning,4
2499,Case Based,0
2500,Probabilistic Methods,3
2501,Probabilistic Methods,3
2502,Case Based,0
2503,Neural Networks,2
2504,Genetic Algorithms,1
2505,Genetic Algorithms,1
2506,Rule Learning,5
2507,Neural Networks,2
2508,Probabilistic Methods,3
2509,Probabilistic Methods,3
2510,Rule Learning,5
2511,Case Based,0
2512,Neural Networks,2
2513,Probabilistic Methods,3
2514,Neural Networks,2
2515,Neural Networks,2
2516,Rule Learning,5
2517,Rule Learning,5
2518,Reinforcement Learning,4
2519,Probabilistic Methods,3
2520,Reinforcement Learning,4
2521,Probabilistic Methods,3
2522,Neural Networks,2
2523,Neural Networks,2
2524,Reinforcement Learning,4
2525,Neural Networks,2
2526,Reinforcement Learning,4
2527,Rule Learning,5
2528,Rule Learning,5
2529,Probabilistic Methods,3
2530,Neural Networks,2
2531,Probabilistic Methods,3
2532,Genetic Algorithms,1
2533,Probabilistic Methods,3
2534,Probabilistic Methods,3
2535,Probabilistic Methods,3
2536,Reinforcement Learning,4
2537,Rule Learning,5
2538,Reinforcement Learning,4
2539,Probabilistic Methods,3
2540,Probabilistic Methods,3
2541,Probabilistic Methods,3
2542,Probabilistic Methods,3
2543,Probabilistic Methods,3
2544,Case Based,0
2545,Case Based,0
2546,Neural Networks,2
2547,Reinforcement Learning,4
2548,Reinforcement Learning,4
2549,Reinforcement Learning,4
2550,Probabilistic Methods,3
2551,Probabilistic Methods,3
2552,Reinforcement Learning,4
2553,Rule Learning,5
2554,Neural Networks,2
2555,Probabilistic Methods,3
2556,Neural Networks,2
2557,Neural Networks,2
2558,Neural Networks,2
2559,Probabilistic Methods,3
2560,Neural Networks,2
2561,Neural Networks,2
2562,Case Based,0
2563,Reinforcement Learning,4
2564,Reinforcement Learning,4
2565,Probabilistic Methods,3
2566,Probabilistic Methods,3
2567,Probabilistic Methods,3
2568,Probabilistic Methods,3
2569,Probabilistic Methods,3
2570,Probabilistic Methods,3
2571,Probabilistic Methods,3
2572,Probabilistic Methods,3
2573,Probabilistic Methods,3
2574,Probabilistic Methods,3
2575,Case Based,0
2576,Case Based,0
2577,Reinforcement Learning,4
2578,Probabilistic Methods,3
2579,Probabilistic Methods,3
2580,Case Based,0
2581,Neural Networks,2
2582,Probabilistic Methods,3
2583,Reinforcement Learning,4
2584,Genetic Algorithms,1
2585,Neural Networks,2
2586,Rule Learning,5
2587,Reinforcement Learning,4
2588,Probabilistic Methods,3
2589,Probabilistic Methods,3
2590,Probabilistic Methods,3
2591,Genetic Algorithms,1
2592,Rule Learning,5
2593,Probabilistic Methods,3
2594,Reinforcement Learning,4
2595,Probabilistic Methods,3
2596,Neural Networks,2
2597,Neural Networks,2
2598,Genetic Algorithms,1
2599,Probabilistic Methods,3
2600,Probabilistic Methods,3
2601,Probabilistic Methods,3
2602,Probabilistic Methods,3
2603,Probabilistic Methods,3
2604,Theory,6
2605,Probabilistic Methods,3
2606,Probabilistic Methods,3
2607,Neural Networks,2
2608,Theory,6
2609,Probabilistic Methods,3
2610,Genetic Algorithms,1
2611,Probabilistic Methods,3
2612,Neural Networks,2
2613,Probabilistic Methods,3
2614,Neural Networks,2
2615,Reinforcement Learning,4
2616,Neural Networks,2
2617,Reinforcement Learning,4
2618,Neural Networks,2
2619,Neural Networks,2
2620,Case Based,0
2621,"
Rule Learning",5
2622,Theory,6
2623,Reinforcement Learning,4
2624,Probabilistic Methods,3
2625,Probabilistic Methods,3
2626,Probabilistic Methods,3
2627,Neural Networks,2
2628,Rule Learning,5
2629,Probabilistic Methods,3
2630,Probabilistic Methods,3
2631,Reinforcement Learning,4
2632,Probabilistic Methods,3
2633,Probabilistic Methods,3
2634,Probabilistic Methods,3
2635,Probabilistic Methods,3
2636,Probabilistic Methods,3
2637,Reinforcement Learning,4
2638,Theory,6
2639,Case Based,0
2640,Reinforcement Learning,4
2641,Neural Networks,2
2642,Neural Networks,2
2643,Neural Networks,2
2644,Rule Learning,5
2645,Reinforcement Learning,4
2646,Reinforcement Learning,4
2647,Reinforcement Learning,4
2648,Reinforcement Learning,4
2649,Theory,6
2650,Probabilistic Methods,3
2651,Neural Networks,2
2652,Neural Networks,2
2653,Case Based,0
2654,Neural Networks,2
2655,Neural Networks,2
2656,Neural Networks,2
2657,Neural Networks,2
2658,Neural Networks,2
2659,Probabilistic Methods,3
2660,Probabilistic Methods,3
2661,Reinforcement Learning,4
2662,Reinforcement Learning,4
2663,Probabilistic Methods,3
2664,Probabilistic Methods,3
2665,Reinforcement Learning,4
2666,Reinforcement Learning,4
2667,Probabilistic Methods,3
2668,Probabilistic Methods,3
2669,Probabilistic Methods,3
2670,Reinforcement Learning,4
2671,Reinforcement Learning,4
2672,Reinforcement Learning,4
2673,Reinforcement Learning,4
2674,Reinforcement Learning,4
2675,Reinforcement Learning,4
2676,Probabilistic Methods,3
2677,Reinforcement Learning,4
2678,Reinforcement Learning,4
2679,Reinforcement Learning,4
2680,Reinforcement Learning,4
2681,Reinforcement Learning,4
2682,Reinforcement Learning,4
2683,Reinforcement Learning,4
2684,Reinforcement Learning,4
2685,Neural Networks,2
2686,Probabilistic Methods,3
2687,Probabilistic Methods,3
2688,Probabilistic Methods,3
2689,Neural Networks,2
2690,Theory,6
2691,Neural Networks,2
2692,Probabilistic Methods,3
2693,Probabilistic Methods,3
2694,Reinforcement Learning,4
2695,Reinforcement Learning,4
2696,Reinforcement Learning,4
2697,Genetic Algorithms,1
2698,Probabilistic Methods,3
2699,Probabilistic Methods,3
2700,Probabilistic Methods,3
2701,Probabilistic Methods,3
2702,Case Based,0
2703,Probabilistic Methods,3
2704,Probabilistic Methods,3
2705,Probabilistic Methods,3
2706,Probabilistic Methods,3
2707,Probabilistic Methods,3
