id,final_label_id,consistency_score,all_ids,vote_counts
0,3,1.0,3|3|3|3|3,{3: 5}
1,4,0.4,4|4|2|3|2,"{4: 2, 2: 2, 3: 1}"
2,3,0.8,3|4|3|3|3,"{3: 4, 4: 1}"
3,2,0.6,2|2|2|1|1,"{2: 3, 1: 2}"
4,2,1.0,2|2|2|2|2,{2: 5}
5,2,1.0,2|2|2|2|2,{2: 5}
6,2,0.4,2|1|1|2|4,"{2: 2, 1: 2, 4: 1}"
7,3,0.8,3|3|3|3|2,"{3: 4, 2: 1}"
8,3,0.8,3|2|3|3|3,"{3: 4, 2: 1}"
9,2,1.0,2|2|2|2|2,{2: 5}
10,2,1.0,2|2|2|2|2,{2: 5}
11,1,0.8,1|1|1|1|0,"{1: 4, 0: 1}"
12,4,1.0,4|4|4|4|4,{4: 5}
13,2,0.8,2|2|2|2|1,"{2: 4, 1: 1}"
14,3,1.0,3|3|3|3|3,{3: 5}
15,3,1.0,3|3|3|3|3,{3: 5}
16,2,0.6,3|2|2|2|4,"{3: 1, 2: 3, 4: 1}"
17,3,0.8,3|3|3|3|2,"{3: 4, 2: 1}"
18,1,0.8,1|1|1|1|0,"{1: 4, 0: 1}"
19,3,1.0,3|3|3|3|3,{3: 5}
20,5,0.6,2|5|4|5|5,"{2: 1, 5: 3, 4: 1}"
21,3,0.8,3|3|3|3|2,"{3: 4, 2: 1}"
22,4,1.0,4|4|4|4|4,{4: 5}
23,2,0.6,2|3|2|2|6,"{2: 3, 3: 1, 6: 1}"
24,3,1.0,3|3|3|3|3,{3: 5}
25,2,0.6,2|2|2|3|3,"{2: 3, 3: 2}"
26,4,0.4,3|4|2|4|2,"{3: 1, 4: 2, 2: 2}"
27,2,0.4,2|0|2|1|3,"{2: 2, 0: 1, 1: 1, 3: 1}"
28,4,0.4,4|3|2|2|4,"{4: 2, 3: 1, 2: 2}"
29,4,1.0,4|4|4|4|4,{4: 5}
30,3,0.4,3|2|3|1|2,"{3: 2, 2: 2, 1: 1}"
31,1,1.0,1|1|1|1|1,{1: 5}
32,0,0.6,0|0|0|4|1,"{0: 3, 4: 1, 1: 1}"
33,4,1.0,4|4|4|4|4,{4: 5}
34,2,0.8,2|2|2|2|1,"{2: 4, 1: 1}"
35,1,0.8,1|1|1|0|1,"{1: 4, 0: 1}"
36,1,0.8,1|1|1|2|1,"{1: 4, 2: 1}"
37,3,0.4,0|1|3|3|4,"{0: 1, 1: 1, 3: 2, 4: 1}"
38,4,0.6,1|1|4|4|4,"{1: 2, 4: 3}"
39,4,1.0,4|4|4|4|4,{4: 5}
40,3,0.8,2|3|3|3|3,"{2: 1, 3: 4}"
41,4,0.6,4|4|3|2|4,"{4: 3, 3: 1, 2: 1}"
42,3,0.6,3|3|2|3|2,"{3: 3, 2: 2}"
43,2,0.6,4|2|2|2|3,"{4: 1, 2: 3, 3: 1}"
44,3,1.0,3|3|3|3|3,{3: 5}
45,3,1.0,3|3|3|3|3,{3: 5}
46,2,1.0,2|2|2|2|2,{2: 5}
47,5,0.6,5|5|5|2|3,"{5: 3, 2: 1, 3: 1}"
48,3,0.8,3|3|3|3|2,"{3: 4, 2: 1}"
49,3,0.6,3|2|3|3|5,"{3: 3, 2: 1, 5: 1}"
50,5,1.0,5|5|5|5|5,{5: 5}
51,3,1.0,3|3|3|3|3,{3: 5}
52,0,1.0,0|0|0|0|0,{0: 5}
53,2,0.8,2|3|2|2|2,"{2: 4, 3: 1}"
54,2,0.8,2|2|2|4|2,"{2: 4, 4: 1}"
55,0,0.6,0|0|0|2|4,"{0: 3, 2: 1, 4: 1}"
56,4,0.6,3|4|4|4|2,"{3: 1, 4: 3, 2: 1}"
57,1,0.4,1|4|1|2|4,"{1: 2, 4: 2, 2: 1}"
58,4,0.8,4|4|4|4|6,"{4: 4, 6: 1}"
59,2,1.0,2|2|2|2|2,{2: 5}
60,3,0.6,3|3|2|3|4,"{3: 3, 2: 1, 4: 1}"
61,3,0.8,3|3|5|3|3,"{3: 4, 5: 1}"
62,0,0.4,0|1|1|2|0,"{0: 2, 1: 2, 2: 1}"
63,4,1.0,4|4|4|4|4,{4: 5}
64,2,0.8,2|2|2|2|3,"{2: 4, 3: 1}"
65,1,0.8,1|1|0|1|1,"{1: 4, 0: 1}"
66,2,0.6,2|2|1|4|2,"{2: 3, 1: 1, 4: 1}"
67,3,0.6,3|3|3|5|1,"{3: 3, 5: 1, 1: 1}"
68,2,0.6,2|3|2|3|2,"{2: 3, 3: 2}"
69,0,0.6,4|0|0|4|0,"{4: 2, 0: 3}"
70,5,0.8,5|5|5|4|5,"{5: 4, 4: 1}"
71,2,0.6,2|2|2|1|3,"{2: 3, 1: 1, 3: 1}"
72,2,1.0,2|2|2|2|2,{2: 5}
73,2,1.0,2|2|2|2|2,{2: 5}
74,0,0.6,0|1|0|1|0,"{0: 3, 1: 2}"
75,2,0.8,2|4|2|2|2,"{2: 4, 4: 1}"
76,1,0.8,1|1|1|1|3,"{1: 4, 3: 1}"
77,1,0.2,1|5|3|0|2,"{1: 1, 5: 1, 3: 1, 0: 1, 2: 1}"
78,3,1.0,3|3|3|3|3,{3: 5}
79,2,0.8,4|2|2|2|2,"{4: 1, 2: 4}"
80,1,0.8,1|1|0|1|1,"{1: 4, 0: 1}"
81,0,1.0,0|0|0|0|0,{0: 5}
82,2,1.0,2|2|2|2|2,{2: 5}
83,2,1.0,2|2|2|2|2,{2: 5}
84,4,1.0,4|4|4|4|4,{4: 5}
85,3,0.8,3|4|3|3|3,"{3: 4, 4: 1}"
86,4,0.6,3|4|4|4|3,"{3: 2, 4: 3}"
87,3,1.0,3|3|3|3|3,{3: 5}
88,4,0.6,4|5|4|4|3,"{4: 3, 5: 1, 3: 1}"
89,4,1.0,4|4|4|4|4,{4: 5}
90,2,0.6,2|2|1|2|0,"{2: 3, 1: 1, 0: 1}"
91,4,1.0,4|4|4|4|4,{4: 5}
92,5,0.4,5|2|6|5|3,"{5: 2, 2: 1, 6: 1, 3: 1}"
93,4,1.0,4|4|4|4|4,{4: 5}
94,4,0.6,4|4|4|3|3,"{4: 3, 3: 2}"
95,0,1.0,0|0|0|0|0,{0: 5}
96,6,0.4,6|4|5|6|2,"{6: 2, 4: 1, 5: 1, 2: 1}"
97,5,1.0,5|5|5|5|5,{5: 5}
98,1,1.0,1|1|1|1|1,{1: 5}
99,3,0.8,3|5|3|3|3,"{3: 4, 5: 1}"
100,0,1.0,0|0|0|0|0,{0: 5}
101,2,1.0,2|2|2|2|2,{2: 5}
102,4,0.6,1|4|4|3|4,"{1: 1, 4: 3, 3: 1}"
103,1,0.6,1|3|1|1|0,"{1: 3, 3: 1, 0: 1}"
104,2,0.6,3|2|2|2|3,"{3: 2, 2: 3}"
105,2,1.0,2|2|2|2|2,{2: 5}
106,4,0.4,5|4|4|6|6,"{5: 1, 4: 2, 6: 2}"
107,3,0.8,3|3|3|3|4,"{3: 4, 4: 1}"
108,3,0.8,3|3|3|3|5,"{3: 4, 5: 1}"
109,1,0.6,1|1|2|1|2,"{1: 3, 2: 2}"
110,2,1.0,2|2|2|2|2,{2: 5}
111,2,1.0,2|2|2|2|2,{2: 5}
112,1,1.0,1|1|1|1|1,{1: 5}
113,5,0.8,5|5|5|5|4,"{5: 4, 4: 1}"
114,3,0.8,3|3|5|3|3,"{3: 4, 5: 1}"
115,5,1.0,5|5|5|5|5,{5: 5}
116,5,0.6,5|5|5|3|3,"{5: 3, 3: 2}"
117,4,1.0,4|4|4|4|4,{4: 5}
118,4,0.6,1|4|4|4|3,"{1: 1, 4: 3, 3: 1}"
119,5,1.0,5|5|5|5|5,{5: 5}
120,5,0.6,3|5|5|1|5,"{3: 1, 5: 3, 1: 1}"
121,3,0.6,2|3|3|2|3,"{2: 2, 3: 3}"
122,3,0.6,3|2|3|3|2,"{3: 3, 2: 2}"
123,4,1.0,4|4|4|4|4,{4: 5}
124,1,1.0,1|1|1|1|1,{1: 5}
125,5,0.6,5|5|5|2|2,"{5: 3, 2: 2}"
126,1,0.8,1|1|1|1|3,"{1: 4, 3: 1}"
127,5,0.6,5|5|4|4|5,"{5: 3, 4: 2}"
128,4,0.8,4|4|4|3|4,"{4: 4, 3: 1}"
129,5,1.0,5|5|5|5|5,{5: 5}
130,3,0.6,3|1|3|5|3,"{3: 3, 1: 1, 5: 1}"
131,2,1.0,2|2|2|2|2,{2: 5}
132,5,1.0,5|5|5|5|5,{5: 5}
133,1,1.0,1|1|1|1|1,{1: 5}
134,3,0.6,2|3|3|3|2,"{2: 2, 3: 3}"
135,1,1.0,1|1|1|1|1,{1: 5}
136,1,0.6,2|4|1|1|1,"{2: 1, 4: 1, 1: 3}"
137,1,0.6,1|2|1|3|1,"{1: 3, 2: 1, 3: 1}"
138,2,1.0,2|2|2|2|2,{2: 5}
139,1,1.0,1|1|1|1|1,{1: 5}
140,2,0.8,2|2|2|2|3,"{2: 4, 3: 1}"
141,4,0.4,4|3|4|3|2,"{4: 2, 3: 2, 2: 1}"
142,0,1.0,0|0|0|0|0,{0: 5}
143,3,0.8,3|3|2|3|3,"{3: 4, 2: 1}"
144,4,0.4,4|4|5|5|3,"{4: 2, 5: 2, 3: 1}"
145,5,1.0,5|5|5|5|5,{5: 5}
146,0,0.4,1|0|4|3|0,"{1: 1, 0: 2, 4: 1, 3: 1}"
147,3,0.6,3|4|3|2|3,"{3: 3, 4: 1, 2: 1}"
148,4,0.4,4|3|2|4|2,"{4: 2, 3: 1, 2: 2}"
149,3,0.8,3|3|2|3|3,"{3: 4, 2: 1}"
150,0,0.4,0|3|2|0|2,"{0: 2, 3: 1, 2: 2}"
151,3,0.4,3|3|4|1|2,"{3: 2, 4: 1, 1: 1, 2: 1}"
152,4,1.0,4|4|4|4|4,{4: 5}
153,1,1.0,1|1|1|1|1,{1: 5}
154,2,1.0,2|2|2|2|2,{2: 5}
155,2,0.8,2|2|2|3|2,"{2: 4, 3: 1}"
156,2,1.0,2|2|2|2|2,{2: 5}
157,3,1.0,3|3|3|3|3,{3: 5}
158,3,1.0,3|3|3|3|3,{3: 5}
159,2,1.0,2|2|2|2|2,{2: 5}
160,3,1.0,3|3|3|3|3,{3: 5}
161,4,0.8,4|4|4|4|3,"{4: 4, 3: 1}"
162,1,0.4,1|0|4|1|3,"{1: 2, 0: 1, 4: 1, 3: 1}"
163,5,1.0,5|5|5|5|5,{5: 5}
164,3,0.6,2|3|2|3|3,"{2: 2, 3: 3}"
165,3,0.8,3|3|3|3|2,"{3: 4, 2: 1}"
166,4,1.0,4|4|4|4|4,{4: 5}
167,3,1.0,3|3|3|3|3,{3: 5}
168,3,0.8,3|3|2|3|3,"{3: 4, 2: 1}"
169,2,1.0,2|2|2|2|2,{2: 5}
170,2,1.0,2|2|2|2|2,{2: 5}
171,3,0.8,3|3|3|3|2,"{3: 4, 2: 1}"
172,3,0.8,2|3|3|3|3,"{2: 1, 3: 4}"
173,2,1.0,2|2|2|2|2,{2: 5}
174,2,1.0,2|2|2|2|2,{2: 5}
175,5,0.6,3|5|5|3|5,"{3: 2, 5: 3}"
176,1,1.0,1|1|1|1|1,{1: 5}
177,4,1.0,4|4|4|4|4,{4: 5}
178,4,0.8,2|4|4|4|4,"{2: 1, 4: 4}"
179,2,1.0,2|2|2|2|2,{2: 5}
180,3,1.0,3|3|3|3|3,{3: 5}
181,3,1.0,3|3|3|3|3,{3: 5}
182,2,1.0,2|2|2|2|2,{2: 5}
183,2,0.8,2|2|2|2|3,"{2: 4, 3: 1}"
184,3,0.6,3|3|3|4|5,"{3: 3, 4: 1, 5: 1}"
185,2,1.0,2|2|2|2|2,{2: 5}
186,0,0.6,0|2|0|2|0,"{0: 3, 2: 2}"
187,4,1.0,4|4|4|4|4,{4: 5}
188,2,1.0,2|2|2|2|2,{2: 5}
189,2,1.0,2|2|2|2|2,{2: 5}
190,2,0.4,2|5|3|2|3,"{2: 2, 5: 1, 3: 2}"
191,3,0.6,3|4|4|3|3,"{3: 3, 4: 2}"
192,1,0.4,1|4|1|0|2,"{1: 2, 4: 1, 0: 1, 2: 1}"
193,5,1.0,5|5|5|5|5,{5: 5}
194,3,0.6,4|3|3|3|4,"{4: 2, 3: 3}"
195,2,0.4,1|2|2|3|3,"{1: 1, 2: 2, 3: 2}"
196,3,0.8,3|3|3|3|4,"{3: 4, 4: 1}"
197,2,0.8,2|2|2|3|2,"{2: 4, 3: 1}"
198,4,1.0,4|4|4|4|4,{4: 5}
199,2,0.6,2|2|4|4|2,"{2: 3, 4: 2}"
200,2,0.8,2|2|2|2|3,"{2: 4, 3: 1}"
201,3,1.0,3|3|3|3|3,{3: 5}
202,0,1.0,0|0|0|0|0,{0: 5}
203,4,0.8,4|4|4|4|3,"{4: 4, 3: 1}"
204,0,0.8,0|0|0|0|1,"{0: 4, 1: 1}"
205,3,0.8,3|2|3|3|3,"{3: 4, 2: 1}"
206,2,1.0,2|2|2|2|2,{2: 5}
207,3,0.4,3|3|4|4|5,"{3: 2, 4: 2, 5: 1}"
208,5,1.0,5|5|5|5|5,{5: 5}
209,4,1.0,4|4|4|4|4,{4: 5}
210,4,1.0,4|4|4|4|4,{4: 5}
211,2,0.4,4|0|3|2|2,"{4: 1, 0: 1, 3: 1, 2: 2}"
212,3,1.0,3|3|3|3|3,{3: 5}
213,3,0.8,3|2|3|3|3,"{3: 4, 2: 1}"
214,0,0.4,0|3|0|3|2,"{0: 2, 3: 2, 2: 1}"
215,3,0.8,3|3|3|3|4,"{3: 4, 4: 1}"
216,2,1.0,2|2|2|2|2,{2: 5}
217,2,0.6,2|3|2|3|2,"{2: 3, 3: 2}"
218,3,1.0,3|3|3|3|3,{3: 5}
219,3,0.6,3|3|2|2|3,"{3: 3, 2: 2}"
220,3,0.8,3|3|3|3|5,"{3: 4, 5: 1}"
221,2,0.8,2|3|2|2|2,"{2: 4, 3: 1}"
222,2,0.6,2|2|2|3|3,"{2: 3, 3: 2}"
223,2,1.0,2|2|2|2|2,{2: 5}
224,2,0.4,4|2|3|2|3,"{4: 1, 2: 2, 3: 2}"
225,4,0.8,4|4|4|1|4,"{4: 4, 1: 1}"
226,3,1.0,3|3|3|3|3,{3: 5}
227,2,0.8,2|2|2|2|1,"{2: 4, 1: 1}"
228,2,0.6,2|3|2|3|2,"{2: 3, 3: 2}"
229,3,1.0,3|3|3|3|3,{3: 5}
230,3,1.0,3|3|3|3|3,{3: 5}
231,3,0.6,3|3|3|2|2,"{3: 3, 2: 2}"
232,3,1.0,3|3|3|3|3,{3: 5}
233,5,0.8,3|5|5|5|5,"{3: 1, 5: 4}"
234,1,0.6,1|1|2|2|1,"{1: 3, 2: 2}"
235,3,1.0,3|3|3|3|3,{3: 5}
236,1,0.6,2|1|1|1|3,"{2: 1, 1: 3, 3: 1}"
237,3,1.0,3|3|3|3|3,{3: 5}
238,4,1.0,4|4|4|4|4,{4: 5}
239,3,0.6,3|3|3|2|1,"{3: 3, 2: 1, 1: 1}"
240,3,1.0,3|3|3|3|3,{3: 5}
241,5,1.0,5|5|5|5|5,{5: 5}
242,3,0.4,3|2|2|1|3,"{3: 2, 2: 2, 1: 1}"
243,4,0.8,4|4|2|4|4,"{4: 4, 2: 1}"
244,2,0.8,2|2|2|2|4,"{2: 4, 4: 1}"
245,2,0.4,4|3|5|2|2,"{4: 1, 3: 1, 5: 1, 2: 2}"
246,2,0.6,2|3|2|2|1,"{2: 3, 3: 1, 1: 1}"
247,4,0.8,4|4|4|4|5,"{4: 4, 5: 1}"
248,3,0.8,3|3|3|3|4,"{3: 4, 4: 1}"
249,3,1.0,3|3|3|3|3,{3: 5}
250,2,1.0,2|2|2|2|2,{2: 5}
251,3,1.0,3|3|3|3|3,{3: 5}
252,4,0.4,4|1|3|2|4,"{4: 2, 1: 1, 3: 1, 2: 1}"
253,2,0.6,2|3|2|3|2,"{2: 3, 3: 2}"
254,2,1.0,2|2|2|2|2,{2: 5}
255,4,0.6,4|0|4|4|0,"{4: 3, 0: 2}"
256,2,1.0,2|2|2|2|2,{2: 5}
257,1,0.8,1|1|0|1|1,"{1: 4, 0: 1}"
258,4,0.8,4|4|4|2|4,"{4: 4, 2: 1}"
259,2,1.0,2|2|2|2|2,{2: 5}
260,0,0.4,0|1|2|1|0,"{0: 2, 1: 2, 2: 1}"
261,3,0.8,2|3|3|3|3,"{2: 1, 3: 4}"
262,3,0.4,3|2|2|3|5,"{3: 2, 2: 2, 5: 1}"
263,2,1.0,2|2|2|2|2,{2: 5}
264,5,0.8,5|5|5|5|4,"{5: 4, 4: 1}"
265,5,1.0,5|5|5|5|5,{5: 5}
266,3,0.4,3|3|4|1|2,"{3: 2, 4: 1, 1: 1, 2: 1}"
267,3,0.6,2|3|3|-1|3,"{2: 1, 3: 3}"
268,2,0.4,2|3|2|4|5,"{2: 2, 3: 1, 4: 1, 5: 1}"
269,3,1.0,3|3|3|3|3,{3: 5}
270,3,0.6,3|3|0|4|3,"{3: 3, 0: 1, 4: 1}"
271,4,0.8,4|-1|4|4|4,{4: 4}
272,4,0.8,4|4|4|4|2,"{4: 4, 2: 1}"
273,2,1.0,2|2|2|2|2,{2: 5}
274,2,0.8,2|2|2|2|1,"{2: 4, 1: 1}"
275,4,1.0,4|4|4|4|4,{4: 5}
276,3,0.6,0|0|3|3|3,"{0: 2, 3: 3}"
277,3,1.0,3|3|3|3|3,{3: 5}
278,3,0.8,3|3|2|3|3,"{3: 4, 2: 1}"
279,4,0.4,4|5|4|3|1,"{4: 2, 5: 1, 3: 1, 1: 1}"
280,1,0.8,1|2|1|1|1,"{1: 4, 2: 1}"
281,3,0.8,3|3|2|3|3,"{3: 4, 2: 1}"
282,5,0.8,5|5|5|3|5,"{5: 4, 3: 1}"
283,2,1.0,2|2|2|2|2,{2: 5}
284,4,1.0,4|4|4|4|4,{4: 5}
285,1,1.0,1|1|1|1|1,{1: 5}
286,2,0.8,2|2|2|2|3,"{2: 4, 3: 1}"
287,3,0.4,3|2|2|3|4,"{3: 2, 2: 2, 4: 1}"
288,3,1.0,3|3|3|3|3,{3: 5}
289,2,1.0,2|2|2|2|2,{2: 5}
290,2,0.8,2|2|2|2|1,"{2: 4, 1: 1}"
291,3,1.0,3|3|3|3|3,{3: 5}
292,1,0.6,1|1|1|0|0,"{1: 3, 0: 2}"
293,4,1.0,4|4|4|4|4,{4: 5}
294,2,0.6,1|1|2|2|2,"{1: 2, 2: 3}"
295,2,0.8,2|2|3|2|2,"{2: 4, 3: 1}"
296,2,1.0,2|2|2|2|2,{2: 5}
297,3,0.8,3|3|3|-1|3,{3: 4}
298,3,0.8,3|3|2|3|3,"{3: 4, 2: 1}"
299,4,1.0,4|4|4|4|4,{4: 5}
300,3,0.6,1|3|3|3|2,"{1: 1, 3: 3, 2: 1}"
301,2,0.8,2|2|2|1|2,"{2: 4, 1: 1}"
302,1,0.8,1|1|2|1|1,"{1: 4, 2: 1}"
303,2,0.6,1|1|2|2|2,"{1: 2, 2: 3}"
304,2,0.8,2|3|2|2|2,"{2: 4, 3: 1}"
305,2,0.6,2|3|2|2|3,"{2: 3, 3: 2}"
306,1,0.8,1|1|1|3|1,"{1: 4, 3: 1}"
307,6,0.8,6|6|6|5|6,"{6: 4, 5: 1}"
308,3,0.4,3|1|2|1|3,"{3: 2, 1: 2, 2: 1}"
309,2,0.6,3|2|2|2|3,"{3: 2, 2: 3}"
310,3,1.0,3|3|3|3|3,{3: 5}
311,3,1.0,3|3|3|3|3,{3: 5}
312,1,0.4,1|1|0|2|2,"{1: 2, 0: 1, 2: 2}"
313,3,1.0,3|3|3|3|3,{3: 5}
314,3,0.6,3|2|3|3|2,"{3: 3, 2: 2}"
315,0,0.8,0|0|0|0|5,"{0: 4, 5: 1}"
316,3,1.0,3|3|3|3|3,{3: 5}
317,2,0.6,2|2|2|1|1,"{2: 3, 1: 2}"
318,1,0.6,1|3|3|1|1,"{1: 3, 3: 2}"
319,2,0.8,2|2|2|2|1,"{2: 4, 1: 1}"
320,4,0.4,4|2|2|4|3,"{4: 2, 2: 2, 3: 1}"
321,3,0.8,3|3|3|1|3,"{3: 4, 1: 1}"
322,2,0.6,2|3|2|2|3,"{2: 3, 3: 2}"
323,4,1.0,4|4|4|4|4,{4: 5}
324,2,0.6,2|3|2|3|2,"{2: 3, 3: 2}"
325,3,0.6,3|4|4|3|3,"{3: 3, 4: 2}"
326,2,0.8,2|2|2|2|1,"{2: 4, 1: 1}"
327,3,1.0,3|3|3|3|3,{3: 5}
328,2,1.0,2|2|2|2|2,{2: 5}
329,1,0.6,1|1|3|2|1,"{1: 3, 3: 1, 2: 1}"
330,3,0.8,4|3|3|3|3,"{4: 1, 3: 4}"
331,3,0.6,2|2|3|3|3,"{2: 2, 3: 3}"
332,4,1.0,4|4|4|4|4,{4: 5}
333,2,1.0,2|2|2|2|2,{2: 5}
334,3,0.6,3|3|0|3|2,"{3: 3, 0: 1, 2: 1}"
335,2,0.6,4|2|2|2|4,"{4: 2, 2: 3}"
336,2,1.0,2|2|2|2|2,{2: 5}
337,2,1.0,2|2|2|2|2,{2: 5}
338,3,0.6,3|3|3|4|4,"{3: 3, 4: 2}"
339,4,1.0,4|4|4|4|4,{4: 5}
340,2,1.0,2|2|2|2|2,{2: 5}
341,2,0.6,2|1|2|1|2,"{2: 3, 1: 2}"
342,3,0.6,3|3|3|2|2,"{3: 3, 2: 2}"
343,3,0.6,2|2|3|3|3,"{2: 2, 3: 3}"
344,3,0.6,4|4|3|3|3,"{4: 2, 3: 3}"
345,2,0.6,3|3|2|2|2,"{3: 2, 2: 3}"
346,2,1.0,2|2|2|2|2,{2: 5}
347,0,1.0,0|0|0|0|0,{0: 5}
348,4,0.8,4|4|4|4|3,"{4: 4, 3: 1}"
349,3,1.0,3|3|3|3|3,{3: 5}
350,1,0.6,1|1|1|2|2,"{1: 3, 2: 2}"
351,3,0.8,3|3|2|3|3,"{3: 4, 2: 1}"
352,3,1.0,3|3|3|3|3,{3: 5}
353,2,1.0,2|2|2|2|2,{2: 5}
354,0,0.8,1|0|0|0|0,"{1: 1, 0: 4}"
355,3,0.6,3|2|2|3|3,"{3: 3, 2: 2}"
356,0,0.6,4|4|0|0|0,"{4: 2, 0: 3}"
357,2,0.8,2|2|1|2|2,"{2: 4, 1: 1}"
358,2,0.6,2|5|2|3|2,"{2: 3, 5: 1, 3: 1}"
359,2,0.8,2|2|2|2|3,"{2: 4, 3: 1}"
360,5,1.0,5|5|5|5|5,{5: 5}
361,3,0.6,4|3|3|4|3,"{4: 2, 3: 3}"
362,4,1.0,4|4|4|4|4,{4: 5}
363,2,1.0,2|2|2|2|2,{2: 5}
364,2,1.0,2|2|2|2|2,{2: 5}
365,2,0.4,2|1|1|2|3,"{2: 2, 1: 2, 3: 1}"
366,3,1.0,3|3|3|3|3,{3: 5}
367,2,0.8,2|2|2|2|0,"{2: 4, 0: 1}"
368,4,1.0,4|4|4|4|4,{4: 5}
369,4,1.0,4|4|4|4|4,{4: 5}
370,5,1.0,5|5|5|5|5,{5: 5}
371,5,1.0,5|5|5|5|5,{5: 5}
372,2,1.0,2|2|2|2|2,{2: 5}
373,0,1.0,0|0|0|0|0,{0: 5}
374,3,1.0,3|3|3|3|3,{3: 5}
375,4,1.0,4|4|4|4|4,{4: 5}
376,3,0.8,3|3|3|3|1,"{3: 4, 1: 1}"
377,2,0.8,2|2|2|3|2,"{2: 4, 3: 1}"
378,2,0.8,2|2|4|2|2,"{2: 4, 4: 1}"
379,5,1.0,5|5|5|5|5,{5: 5}
380,3,0.6,3|3|3|2|2,"{3: 3, 2: 2}"
381,2,0.6,3|2|2|2|3,"{3: 2, 2: 3}"
382,3,0.6,3|3|2|1|3,"{3: 3, 2: 1, 1: 1}"
383,3,0.6,3|2|2|3|3,"{3: 3, 2: 2}"
384,2,0.8,3|2|2|2|2,"{3: 1, 2: 4}"
385,3,0.8,3|3|3|2|3,"{3: 4, 2: 1}"
386,2,0.6,2|3|2|3|2,"{2: 3, 3: 2}"
387,3,0.8,3|3|2|3|3,"{3: 4, 2: 1}"
388,3,1.0,3|3|3|3|3,{3: 5}
389,2,0.8,2|2|2|3|2,"{2: 4, 3: 1}"
390,2,0.6,2|2|2|3|3,"{2: 3, 3: 2}"
391,2,1.0,2|2|2|2|2,{2: 5}
392,5,1.0,5|5|5|5|5,{5: 5}
393,5,1.0,5|5|5|5|5,{5: 5}
394,4,1.0,4|4|4|4|4,{4: 5}
395,3,1.0,3|3|3|3|3,{3: 5}
396,2,0.8,2|2|2|2|3,"{2: 4, 3: 1}"
397,3,0.6,3|3|4|2|3,"{3: 3, 4: 1, 2: 1}"
398,2,0.8,2|2|2|2|4,"{2: 4, 4: 1}"
399,1,0.6,2|1|1|2|1,"{2: 2, 1: 3}"
400,5,1.0,5|5|5|5|5,{5: 5}
401,2,1.0,2|2|2|2|2,{2: 5}
402,3,0.8,2|3|3|3|3,"{2: 1, 3: 4}"
403,2,1.0,2|2|2|2|2,{2: 5}
404,4,1.0,4|4|4|4|4,{4: 5}
405,1,0.4,1|3|0|1|3,"{1: 2, 3: 2, 0: 1}"
406,1,0.8,1|1|1|1|3,"{1: 4, 3: 1}"
407,2,0.6,2|2|2|3|3,"{2: 3, 3: 2}"
408,1,0.4,1|1|5|0|0,"{1: 2, 5: 1, 0: 2}"
409,2,0.4,2|0|0|2|3,"{2: 2, 0: 2, 3: 1}"
410,5,0.8,5|5|5|1|5,"{5: 4, 1: 1}"
411,2,0.4,2|3|1|2|3,"{2: 2, 3: 2, 1: 1}"
412,3,1.0,3|3|3|3|3,{3: 5}
413,3,1.0,3|3|3|3|3,{3: 5}
414,1,0.6,1|1|0|0|1,"{1: 3, 0: 2}"
415,3,0.6,3|5|3|5|3,"{3: 3, 5: 2}"
416,2,0.6,2|2|2|3|3,"{2: 3, 3: 2}"
417,3,0.8,2|3|3|3|3,"{2: 1, 3: 4}"
418,3,0.8,3|3|2|3|3,"{3: 4, 2: 1}"
419,5,1.0,5|5|5|5|5,{5: 5}
420,2,1.0,2|2|2|2|2,{2: 5}
421,2,1.0,2|2|2|2|2,{2: 5}
422,4,1.0,4|4|4|4|4,{4: 5}
423,1,0.6,1|0|2|1|1,"{1: 3, 0: 1, 2: 1}"
424,3,0.6,3|1|3|1|3,"{3: 3, 1: 2}"
425,2,0.6,2|3|2|4|2,"{2: 3, 3: 1, 4: 1}"
426,1,1.0,1|1|1|1|1,{1: 5}
427,2,0.8,2|2|2|2|3,"{2: 4, 3: 1}"
428,4,0.8,4|4|3|4|4,"{4: 4, 3: 1}"
429,4,0.6,3|4|4|4|5,"{3: 1, 4: 3, 5: 1}"
430,4,0.8,4|4|3|4|4,"{4: 4, 3: 1}"
431,4,1.0,4|4|4|4|4,{4: 5}
432,2,1.0,2|2|2|2|2,{2: 5}
433,2,0.6,2|2|2|3|3,"{2: 3, 3: 2}"
434,0,1.0,0|0|0|0|0,{0: 5}
435,2,0.8,2|2|2|0|2,"{2: 4, 0: 1}"
436,4,0.8,4|4|4|3|4,"{4: 4, 3: 1}"
437,4,0.8,4|4|4|4|2,"{4: 4, 2: 1}"
438,2,0.4,4|2|5|5|2,"{4: 1, 2: 2, 5: 2}"
439,2,0.8,2|2|2|2|4,"{2: 4, 4: 1}"
440,1,0.6,1|0|1|2|1,"{1: 3, 0: 1, 2: 1}"
441,5,0.6,4|5|4|5|5,"{4: 2, 5: 3}"
442,4,1.0,4|4|4|4|4,{4: 5}
443,4,1.0,4|4|4|4|4,{4: 5}
444,4,1.0,4|4|4|4|4,{4: 5}
445,2,1.0,2|2|2|2|2,{2: 5}
446,5,1.0,5|5|5|5|5,{5: 5}
447,3,1.0,3|3|3|3|3,{3: 5}
448,4,1.0,4|4|4|4|4,{4: 5}
449,2,1.0,2|2|2|2|2,{2: 5}
450,4,1.0,4|4|4|4|4,{4: 5}
451,3,0.6,3|5|3|2|3,"{3: 3, 5: 1, 2: 1}"
452,1,0.8,1|1|1|1|2,"{1: 4, 2: 1}"
453,1,1.0,1|1|1|1|1,{1: 5}
454,5,0.8,5|2|5|5|5,"{5: 4, 2: 1}"
455,3,0.8,3|2|3|3|3,"{3: 4, 2: 1}"
456,0,0.8,0|0|0|0|4,"{0: 4, 4: 1}"
457,3,1.0,3|3|3|3|3,{3: 5}
458,5,1.0,5|5|5|5|5,{5: 5}
459,1,1.0,1|1|1|1|1,{1: 5}
460,2,0.6,2|2|3|3|2,"{2: 3, 3: 2}"
461,2,1.0,2|2|2|2|2,{2: 5}
462,3,1.0,3|3|3|3|3,{3: 5}
463,2,1.0,2|2|2|2|2,{2: 5}
464,2,1.0,2|2|2|2|2,{2: 5}
465,3,1.0,3|3|3|3|3,{3: 5}
466,2,1.0,2|2|2|2|2,{2: 5}
467,2,0.8,2|3|2|2|2,"{2: 4, 3: 1}"
468,1,0.8,1|1|1|3|1,"{1: 4, 3: 1}"
469,2,0.8,2|2|2|3|2,"{2: 4, 3: 1}"
470,4,1.0,4|4|4|4|4,{4: 5}
471,2,0.6,2|3|2|3|2,"{2: 3, 3: 2}"
472,5,1.0,5|5|5|5|5,{5: 5}
473,3,0.6,4|3|3|3|2,"{4: 1, 3: 3, 2: 1}"
474,5,1.0,5|5|5|5|5,{5: 5}
475,0,1.0,0|0|0|0|0,{0: 5}
476,2,0.6,2|2|2|3|3,"{2: 3, 3: 2}"
477,2,0.8,2|2|2|2|3,"{2: 4, 3: 1}"
478,3,0.8,3|3|5|3|3,"{3: 4, 5: 1}"
479,5,0.8,5|5|4|5|5,"{5: 4, 4: 1}"
480,2,1.0,2|2|2|2|2,{2: 5}
481,2,1.0,2|2|2|2|2,{2: 5}
482,3,1.0,3|3|3|3|3,{3: 5}
483,2,0.6,2|3|3|2|2,"{2: 3, 3: 2}"
484,1,0.8,2|1|1|1|1,"{2: 1, 1: 4}"
485,2,0.4,1|2|4|2|3,"{1: 1, 2: 2, 4: 1, 3: 1}"
486,3,0.6,3|3|2|3|0,"{3: 3, 2: 1, 0: 1}"
487,1,0.6,1|2|1|1|2,"{1: 3, 2: 2}"
488,4,0.8,4|4|4|2|4,"{4: 4, 2: 1}"
489,2,0.6,2|3|2|2|3,"{2: 3, 3: 2}"
490,3,0.8,3|3|3|5|3,"{3: 4, 5: 1}"
491,4,1.0,4|4|4|4|4,{4: 5}
492,4,1.0,4|4|4|4|4,{4: 5}
493,3,0.8,3|3|2|3|3,"{3: 4, 2: 1}"
494,2,1.0,2|2|2|2|2,{2: 5}
495,3,0.6,6|3|3|3|2,"{6: 1, 3: 3, 2: 1}"
496,2,0.4,1|2|0|2|0,"{1: 1, 2: 2, 0: 2}"
497,0,1.0,0|0|0|0|0,{0: 5}
498,3,0.4,4|0|3|2|3,"{4: 1, 0: 1, 3: 2, 2: 1}"
499,2,0.8,6|2|2|2|2,"{6: 1, 2: 4}"
500,0,0.6,0|0|4|0|3,"{0: 3, 4: 1, 3: 1}"
501,2,0.6,2|2|2|4|3,"{2: 3, 4: 1, 3: 1}"
502,3,0.6,2|3|3|3|2,"{2: 2, 3: 3}"
503,3,1.0,3|3|3|3|3,{3: 5}
504,2,0.6,2|3|2|2|3,"{2: 3, 3: 2}"
505,1,0.6,3|1|1|2|1,"{3: 1, 1: 3, 2: 1}"
506,1,0.4,2|1|1|3|3,"{2: 1, 1: 2, 3: 2}"
507,3,1.0,3|3|3|3|3,{3: 5}
508,0,0.8,0|1|0|0|0,"{0: 4, 1: 1}"
509,3,0.8,3|3|3|3|2,"{3: 4, 2: 1}"
510,3,1.0,3|3|3|3|3,{3: 5}
511,2,1.0,2|2|2|2|2,{2: 5}
512,3,1.0,3|3|3|3|3,{3: 5}
513,2,0.8,2|2|2|1|2,"{2: 4, 1: 1}"
514,5,0.8,5|5|5|4|5,"{5: 4, 4: 1}"
515,4,1.0,4|4|4|4|4,{4: 5}
516,2,0.8,2|2|3|2|2,"{2: 4, 3: 1}"
517,2,0.8,2|2|3|2|2,"{2: 4, 3: 1}"
518,3,0.4,3|4|2|3|4,"{3: 2, 4: 2, 2: 1}"
519,3,0.6,3|2|3|1|3,"{3: 3, 2: 1, 1: 1}"
520,4,0.6,4|4|4|3|3,"{4: 3, 3: 2}"
521,2,1.0,2|2|2|2|2,{2: 5}
522,1,1.0,1|1|1|1|1,{1: 5}
523,3,0.8,3|2|3|3|3,"{3: 4, 2: 1}"
524,2,1.0,2|2|2|2|2,{2: 5}
525,1,0.8,0|1|1|1|1,"{0: 1, 1: 4}"
526,2,0.8,2|2|2|2|3,"{2: 4, 3: 1}"
527,2,0.6,2|2|1|3|2,"{2: 3, 1: 1, 3: 1}"
528,5,1.0,5|5|5|5|5,{5: 5}
529,3,0.4,3|2|3|4|2,"{3: 2, 2: 2, 4: 1}"
530,2,0.8,2|2|2|2|3,"{2: 4, 3: 1}"
531,2,0.8,2|2|2|3|2,"{2: 4, 3: 1}"
532,2,1.0,2|2|2|2|2,{2: 5}
533,2,1.0,2|2|2|2|2,{2: 5}
534,1,0.4,1|3|1|2|2,"{1: 2, 3: 1, 2: 2}"
535,2,1.0,2|2|2|2|2,{2: 5}
536,2,1.0,2|2|2|2|2,{2: 5}
537,5,1.0,5|5|5|5|5,{5: 5}
538,4,0.8,4|4|4|4|5,"{4: 4, 5: 1}"
539,1,0.6,0|1|1|1|3,"{0: 1, 1: 3, 3: 1}"
540,3,1.0,3|3|3|3|3,{3: 5}
541,5,1.0,5|5|5|5|5,{5: 5}
542,1,1.0,1|1|1|1|1,{1: 5}
543,2,0.8,1|2|2|2|2,"{1: 1, 2: 4}"
544,1,0.4,5|1|1|3|3,"{5: 1, 1: 2, 3: 2}"
545,4,1.0,4|4|4|4|4,{4: 5}
546,2,1.0,2|2|2|2|2,{2: 5}
547,2,0.4,2|2|1|3|0,"{2: 2, 1: 1, 3: 1, 0: 1}"
548,3,1.0,3|3|3|3|3,{3: 5}
549,3,0.6,3|3|3|4|2,"{3: 3, 4: 1, 2: 1}"
550,4,1.0,4|4|4|4|4,{4: 5}
551,1,1.0,1|1|1|1|1,{1: 5}
552,2,0.8,2|2|2|3|2,"{2: 4, 3: 1}"
553,3,0.8,3|3|3|4|3,"{3: 4, 4: 1}"
554,1,0.4,3|1|2|2|1,"{3: 1, 1: 2, 2: 2}"
555,3,0.8,3|2|3|3|3,"{3: 4, 2: 1}"
556,2,1.0,2|2|2|2|2,{2: 5}
557,2,0.8,2|2|2|2|3,"{2: 4, 3: 1}"
558,2,0.8,2|1|2|2|2,"{2: 4, 1: 1}"
559,5,1.0,5|5|5|5|5,{5: 5}
560,4,0.6,4|2|4|1|4,"{4: 3, 2: 1, 1: 1}"
561,3,1.0,3|3|3|3|3,{3: 5}
562,2,0.6,2|2|2|4|4,"{2: 3, 4: 2}"
563,1,0.6,1|2|1|1|2,"{1: 3, 2: 2}"
564,2,0.4,2|2|1|3|3,"{2: 2, 1: 1, 3: 2}"
565,2,1.0,2|2|2|2|2,{2: 5}
566,1,0.6,1|1|1|4|3,"{1: 3, 4: 1, 3: 1}"
567,2,1.0,2|2|2|2|2,{2: 5}
568,2,0.6,2|2|2|3|3,"{2: 3, 3: 2}"
569,2,1.0,2|2|2|2|2,{2: 5}
570,2,0.8,2|2|2|2|3,"{2: 4, 3: 1}"
571,2,0.8,2|3|2|2|2,"{2: 4, 3: 1}"
572,0,0.6,0|0|1|1|0,"{0: 3, 1: 2}"
573,5,0.6,5|3|5|5|3,"{5: 3, 3: 2}"
574,3,1.0,3|3|3|3|3,{3: 5}
575,3,0.8,3|3|2|3|3,"{3: 4, 2: 1}"
576,3,0.8,3|3|5|3|3,"{3: 4, 5: 1}"
577,4,1.0,4|4|4|4|4,{4: 5}
578,4,0.8,4|4|4|3|4,"{4: 4, 3: 1}"
579,3,0.6,3|2|3|2|3,"{3: 3, 2: 2}"
580,2,1.0,2|2|2|2|2,{2: 5}
581,3,0.6,3|2|3|3|2,"{3: 3, 2: 2}"
582,4,0.8,4|4|4|4|-1,{4: 4}
583,4,1.0,4|4|4|4|4,{4: 5}
584,4,1.0,4|4|4|4|4,{4: 5}
585,4,1.0,4|4|4|4|4,{4: 5}
586,2,0.4,2|1|3|0|2,"{2: 2, 1: 1, 3: 1, 0: 1}"
587,5,1.0,5|5|5|5|5,{5: 5}
588,4,1.0,4|4|4|4|4,{4: 5}
589,1,1.0,1|1|1|1|1,{1: 5}
590,1,0.8,3|1|1|1|1,"{3: 1, 1: 4}"
591,3,1.0,3|3|3|3|3,{3: 5}
592,4,0.8,4|4|4|4|2,"{4: 4, 2: 1}"
593,2,0.4,2|2|3|1|3,"{2: 2, 3: 2, 1: 1}"
594,2,1.0,2|2|2|2|2,{2: 5}
595,3,1.0,3|3|3|3|3,{3: 5}
596,4,0.2,4|1|2|3|5,"{4: 1, 1: 1, 2: 1, 3: 1, 5: 1}"
597,3,1.0,3|3|3|3|3,{3: 5}
598,3,1.0,3|3|3|3|3,{3: 5}
599,2,0.8,2|3|2|2|2,"{2: 4, 3: 1}"
600,3,0.8,3|3|3|6|3,"{3: 4, 6: 1}"
601,3,0.8,3|3|4|3|3,"{3: 4, 4: 1}"
602,4,0.8,4|4|4|2|4,"{4: 4, 2: 1}"
603,3,0.8,1|3|3|3|3,"{1: 1, 3: 4}"
604,2,0.6,2|3|2|5|2,"{2: 3, 3: 1, 5: 1}"
605,2,1.0,2|2|2|2|2,{2: 5}
606,3,1.0,3|3|3|3|3,{3: 5}
607,3,0.6,3|2|3|3|2,"{3: 3, 2: 2}"
608,1,0.6,1|3|1|1|3,"{1: 3, 3: 2}"
609,2,1.0,2|2|2|2|2,{2: 5}
610,5,0.6,5|3|3|5|5,"{5: 3, 3: 2}"
611,6,0.4,6|4|4|5|6,"{6: 2, 4: 2, 5: 1}"
612,5,0.8,5|5|5|4|5,"{5: 4, 4: 1}"
613,2,1.0,2|2|2|2|2,{2: 5}
614,2,0.4,2|3|3|1|2,"{2: 2, 3: 2, 1: 1}"
615,2,1.0,2|2|2|2|2,{2: 5}
616,2,1.0,2|2|2|2|2,{2: 5}
617,4,1.0,4|4|4|4|4,{4: 5}
618,2,1.0,2|2|2|2|2,{2: 5}
619,1,0.4,1|2|1|4|0,"{1: 2, 2: 1, 4: 1, 0: 1}"
620,3,1.0,3|3|3|3|3,{3: 5}
621,3,0.6,3|5|3|5|3,"{3: 3, 5: 2}"
622,3,1.0,3|3|3|3|3,{3: 5}
623,4,1.0,4|4|4|4|4,{4: 5}
624,1,0.8,1|1|1|1|4,"{1: 4, 4: 1}"
625,3,1.0,3|3|3|3|3,{3: 5}
626,2,0.8,2|2|1|2|2,"{2: 4, 1: 1}"
627,4,1.0,4|4|4|4|4,{4: 5}
628,3,0.6,2|2|3|3|3,"{2: 2, 3: 3}"
629,2,1.0,2|2|2|2|2,{2: 5}
630,5,0.8,5|5|5|5|4,"{5: 4, 4: 1}"
631,2,1.0,2|2|2|2|2,{2: 5}
632,3,0.4,3|2|4|2|3,"{3: 2, 2: 2, 4: 1}"
633,3,1.0,3|3|3|3|3,{3: 5}
634,5,1.0,5|5|5|5|5,{5: 5}
635,4,0.8,5|4|4|4|4,"{5: 1, 4: 4}"
636,3,0.4,3|1|2|3|0,"{3: 2, 1: 1, 2: 1, 0: 1}"
637,2,0.8,2|2|2|2|4,"{2: 4, 4: 1}"
638,4,1.0,4|4|4|4|4,{4: 5}
639,2,1.0,2|2|2|2|2,{2: 5}
640,3,1.0,3|3|3|3|3,{3: 5}
641,2,1.0,2|2|2|2|2,{2: 5}
642,1,1.0,1|1|1|1|1,{1: 5}
643,4,0.8,4|4|4|4|3,"{4: 4, 3: 1}"
644,3,0.4,3|3|2|5|2,"{3: 2, 2: 2, 5: 1}"
645,5,0.8,5|2|5|5|5,"{5: 4, 2: 1}"
646,5,1.0,5|5|5|5|5,{5: 5}
647,3,0.6,3|3|5|3|5,"{3: 3, 5: 2}"
648,4,0.6,5|4|4|5|4,"{5: 2, 4: 3}"
649,2,0.8,2|2|2|2|3,"{2: 4, 3: 1}"
650,2,0.8,2|3|2|2|2,"{2: 4, 3: 1}"
651,4,0.8,4|4|4|4|5,"{4: 4, 5: 1}"
652,2,1.0,2|2|2|2|2,{2: 5}
653,3,1.0,3|3|3|3|3,{3: 5}
654,4,1.0,4|4|4|4|4,{4: 5}
655,1,0.8,1|1|1|1|3,"{1: 4, 3: 1}"
656,1,1.0,1|1|1|1|1,{1: 5}
657,2,1.0,2|2|2|2|2,{2: 5}
658,3,0.8,3|3|3|3|4,"{3: 4, 4: 1}"
659,3,0.6,3|1|3|3|0,"{3: 3, 1: 1, 0: 1}"
660,1,0.6,1|1|1|4|2,"{1: 3, 4: 1, 2: 1}"
661,4,0.6,5|4|4|4|5,"{5: 2, 4: 3}"
662,4,0.8,4|3|4|4|4,"{4: 4, 3: 1}"
663,2,0.6,2|2|2|3|5,"{2: 3, 3: 1, 5: 1}"
664,3,0.8,3|3|3|3|5,"{3: 4, 5: 1}"
665,3,0.6,3|3|3|4|4,"{3: 3, 4: 2}"
666,3,0.6,3|3|4|3|2,"{3: 3, 4: 1, 2: 1}"
667,1,0.6,1|2|1|1|3,"{1: 3, 2: 1, 3: 1}"
668,3,1.0,3|3|3|3|3,{3: 5}
669,3,0.8,3|2|3|3|3,"{3: 4, 2: 1}"
670,2,0.8,2|3|2|2|2,"{2: 4, 3: 1}"
671,4,0.6,4|4|3|2|4,"{4: 3, 3: 1, 2: 1}"
672,5,1.0,5|5|5|5|5,{5: 5}
673,5,0.8,4|5|5|5|5,"{4: 1, 5: 4}"
674,4,1.0,4|4|4|4|4,{4: 5}
675,1,0.4,1|1|0|2|2,"{1: 2, 0: 1, 2: 2}"
676,5,0.4,5|3|5|3|4,"{5: 2, 3: 2, 4: 1}"
677,4,1.0,4|4|4|4|4,{4: 5}
678,2,0.6,2|2|2|3|1,"{2: 3, 3: 1, 1: 1}"
679,1,0.4,1|2|0|0|1,"{1: 2, 2: 1, 0: 2}"
680,0,0.6,1|0|0|2|0,"{1: 1, 0: 3, 2: 1}"
681,3,0.8,3|3|3|3|2,"{3: 4, 2: 1}"
682,4,0.6,4|2|2|4|4,"{4: 3, 2: 2}"
683,2,0.6,2|3|2|2|1,"{2: 3, 3: 1, 1: 1}"
684,2,0.6,2|3|2|2|4,"{2: 3, 3: 1, 4: 1}"
685,3,1.0,3|3|3|3|3,{3: 5}
686,2,1.0,2|2|2|2|2,{2: 5}
687,2,1.0,2|2|2|2|2,{2: 5}
688,2,0.8,2|2|4|2|2,"{2: 4, 4: 1}"
689,2,0.8,2|2|2|2|1,"{2: 4, 1: 1}"
690,2,0.6,2|2|3|2|3,"{2: 3, 3: 2}"
691,2,0.6,2|2|4|2|3,"{2: 3, 4: 1, 3: 1}"
692,3,1.0,3|3|3|3|3,{3: 5}
693,3,1.0,3|3|3|3|3,{3: 5}
694,5,0.8,5|5|5|5|3,"{5: 4, 3: 1}"
695,3,0.4,2|3|3|5|4,"{2: 1, 3: 2, 5: 1, 4: 1}"
696,3,0.8,3|3|3|3|4,"{3: 4, 4: 1}"
697,2,1.0,2|2|2|2|2,{2: 5}
698,4,1.0,4|4|4|4|4,{4: 5}
699,3,0.8,1|3|3|3|3,"{1: 1, 3: 4}"
700,4,0.8,4|3|4|4|4,"{4: 4, 3: 1}"
701,4,0.8,4|4|4|3|4,"{4: 4, 3: 1}"
702,3,0.6,3|3|3|4|4,"{3: 3, 4: 2}"
703,5,0.6,5|5|4|5|3,"{5: 3, 4: 1, 3: 1}"
704,2,1.0,2|2|2|2|2,{2: 5}
705,2,0.4,2|3|4|2|3,"{2: 2, 3: 2, 4: 1}"
706,4,1.0,4|4|4|4|4,{4: 5}
707,0,0.8,0|1|0|0|0,"{0: 4, 1: 1}"
708,3,1.0,3|3|3|3|3,{3: 5}
709,5,0.6,5|5|4|5|4,"{5: 3, 4: 2}"
710,3,0.8,3|2|3|3|3,"{3: 4, 2: 1}"
711,5,0.8,5|3|5|5|5,"{5: 4, 3: 1}"
712,3,1.0,3|3|3|3|3,{3: 5}
713,3,0.6,2|2|3|3|3,"{2: 2, 3: 3}"
714,3,0.8,3|3|2|3|3,"{3: 4, 2: 1}"
715,1,0.8,1|1|1|3|1,"{1: 4, 3: 1}"
716,2,1.0,2|2|2|2|2,{2: 5}
717,5,1.0,5|5|5|5|5,{5: 5}
718,3,0.6,2|3|3|3|2,"{2: 2, 3: 3}"
719,1,1.0,1|1|1|1|1,{1: 5}
720,2,0.8,2|2|2|3|2,"{2: 4, 3: 1}"
721,2,0.6,2|3|2|3|2,"{2: 3, 3: 2}"
722,3,1.0,3|3|3|3|3,{3: 5}
723,2,0.6,2|2|2|4|4,"{2: 3, 4: 2}"
724,2,0.6,2|2|3|2|3,"{2: 3, 3: 2}"
725,2,0.6,2|3|2|2|5,"{2: 3, 3: 1, 5: 1}"
726,3,0.6,2|3|3|3|4,"{2: 1, 3: 3, 4: 1}"
727,2,0.8,2|2|2|2|3,"{2: 4, 3: 1}"
728,3,0.4,3|3|5|5|2,"{3: 2, 5: 2, 2: 1}"
729,3,1.0,3|3|3|3|3,{3: 5}
730,3,1.0,3|3|3|3|3,{3: 5}
731,3,0.4,4|3|2|3|2,"{4: 1, 3: 2, 2: 2}"
732,2,1.0,2|2|2|2|2,{2: 5}
733,3,1.0,3|3|3|3|3,{3: 5}
734,4,0.4,4|4|1|0|0,"{4: 2, 1: 1, 0: 2}"
735,5,1.0,5|5|5|5|5,{5: 5}
736,0,0.6,0|4|0|1|0,"{0: 3, 4: 1, 1: 1}"
737,5,0.6,5|3|5|3|5,"{5: 3, 3: 2}"
738,3,1.0,3|3|3|3|3,{3: 5}
739,5,1.0,5|5|5|5|5,{5: 5}
740,2,0.8,2|2|2|3|2,"{2: 4, 3: 1}"
741,1,0.4,1|2|3|3|1,"{1: 2, 2: 1, 3: 2}"
742,1,0.6,2|2|1|1|1,"{2: 2, 1: 3}"
743,3,1.0,3|3|3|3|3,{3: 5}
744,2,0.6,2|4|4|2|2,"{2: 3, 4: 2}"
745,3,1.0,3|3|3|3|3,{3: 5}
746,3,1.0,3|3|3|3|3,{3: 5}
747,4,1.0,4|4|4|4|4,{4: 5}
748,2,1.0,2|2|2|2|2,{2: 5}
749,1,0.6,1|2|1|2|1,"{1: 3, 2: 2}"
750,5,0.8,5|5|5|5|4,"{5: 4, 4: 1}"
751,2,0.6,2|5|2|1|2,"{2: 3, 5: 1, 1: 1}"
752,2,1.0,2|2|2|2|2,{2: 5}
753,5,1.0,5|5|5|5|5,{5: 5}
754,2,0.8,2|2|2|1|2,"{2: 4, 1: 1}"
755,3,1.0,3|3|3|3|3,{3: 5}
756,3,0.8,3|2|3|3|3,"{3: 4, 2: 1}"
757,2,1.0,2|2|2|2|2,{2: 5}
758,2,0.8,2|2|2|2|-1,{2: 4}
759,2,0.4,1|3|2|2|0,"{1: 1, 3: 1, 2: 2, 0: 1}"
760,2,1.0,2|2|2|2|2,{2: 5}
761,4,0.8,4|3|4|4|4,"{4: 4, 3: 1}"
762,2,1.0,2|2|2|2|2,{2: 5}
763,1,0.6,1|1|3|1|3,"{1: 3, 3: 2}"
764,2,0.8,2|2|1|2|2,"{2: 4, 1: 1}"
765,3,1.0,3|3|3|3|3,{3: 5}
766,3,1.0,3|3|3|3|3,{3: 5}
767,3,1.0,3|3|3|3|3,{3: 5}
768,2,0.8,2|2|2|3|2,"{2: 4, 3: 1}"
769,0,0.4,0|1|1|0|2,"{0: 2, 1: 2, 2: 1}"
770,2,1.0,2|2|2|2|2,{2: 5}
771,4,0.4,4|0|1|4|2,"{4: 2, 0: 1, 1: 1, 2: 1}"
772,6,0.4,6|6|5|3|2,"{6: 2, 5: 1, 3: 1, 2: 1}"
773,3,0.6,3|3|2|2|3,"{3: 3, 2: 2}"
774,4,0.8,4|3|4|4|4,"{4: 4, 3: 1}"
775,3,1.0,3|3|3|3|3,{3: 5}
776,3,0.6,3|3|3|2|2,"{3: 3, 2: 2}"
777,5,0.6,4|5|4|5|5,"{4: 2, 5: 3}"
778,3,0.6,3|3|2|3|2,"{3: 3, 2: 2}"
779,3,0.8,3|3|3|3|6,"{3: 4, 6: 1}"
780,4,0.6,4|3|4|4|3,"{4: 3, 3: 2}"
781,2,1.0,2|2|2|2|2,{2: 5}
782,4,1.0,4|4|4|4|4,{4: 5}
783,4,1.0,4|4|4|4|4,{4: 5}
784,2,0.8,2|2|2|2|4,"{2: 4, 4: 1}"
785,2,0.6,2|2|1|2|1,"{2: 3, 1: 2}"
786,4,0.8,4|4|4|3|4,"{4: 4, 3: 1}"
787,3,0.6,3|3|4|4|3,"{3: 3, 4: 2}"
788,3,1.0,3|3|3|3|3,{3: 5}
789,2,0.8,2|2|2|2|4,"{2: 4, 4: 1}"
790,3,0.8,3|3|2|3|3,"{3: 4, 2: 1}"
791,3,0.8,3|3|3|3|2,"{3: 4, 2: 1}"
792,3,0.6,3|3|3|2|2,"{3: 3, 2: 2}"
793,4,1.0,4|4|4|4|4,{4: 5}
794,3,1.0,3|3|3|3|3,{3: 5}
795,3,0.6,3|1|1|3|3,"{3: 3, 1: 2}"
796,2,1.0,2|2|2|2|2,{2: 5}
797,2,1.0,2|2|2|2|2,{2: 5}
798,4,1.0,4|4|4|4|4,{4: 5}
799,2,1.0,2|2|2|2|2,{2: 5}
800,2,0.8,2|2|2|3|2,"{2: 4, 3: 1}"
801,4,0.8,4|5|4|4|4,"{4: 4, 5: 1}"
802,2,0.8,4|2|2|2|2,"{4: 1, 2: 4}"
803,4,0.6,4|4|5|5|4,"{4: 3, 5: 2}"
804,4,1.0,4|4|4|4|4,{4: 5}
805,4,1.0,4|4|4|4|4,{4: 5}
806,2,1.0,2|2|2|2|2,{2: 5}
807,3,0.6,4|3|3|3|4,"{4: 2, 3: 3}"
808,4,1.0,4|4|4|4|4,{4: 5}
809,3,0.6,3|3|4|4|3,"{3: 3, 4: 2}"
810,4,1.0,4|4|4|4|4,{4: 5}
811,2,1.0,2|2|2|2|2,{2: 5}
812,3,1.0,3|3|3|3|3,{3: 5}
813,4,0.8,4|4|4|4|5,"{4: 4, 5: 1}"
814,4,1.0,4|4|4|4|4,{4: 5}
815,3,0.6,3|5|3|5|3,"{3: 3, 5: 2}"
816,3,0.6,2|3|3|2|3,"{2: 2, 3: 3}"
817,2,0.8,2|2|2|2|3,"{2: 4, 3: 1}"
818,2,1.0,2|2|2|2|2,{2: 5}
819,2,0.8,2|2|2|2|3,"{2: 4, 3: 1}"
820,2,1.0,2|2|2|2|2,{2: 5}
821,3,0.6,3|3|2|2|3,"{3: 3, 2: 2}"
822,4,0.8,4|4|3|4|4,"{4: 4, 3: 1}"
823,2,0.8,2|2|2|2|3,"{2: 4, 3: 1}"
824,2,1.0,2|2|2|2|2,{2: 5}
825,2,1.0,2|2|2|2|2,{2: 5}
826,4,0.8,4|4|4|4|5,"{4: 4, 5: 1}"
827,3,0.8,3|3|3|3|0,"{3: 4, 0: 1}"
828,4,1.0,4|4|4|4|4,{4: 5}
829,3,0.8,2|3|3|3|3,"{2: 1, 3: 4}"
830,3,0.4,4|3|1|3|1,"{4: 1, 3: 2, 1: 2}"
831,2,0.6,2|2|2|4|4,"{2: 3, 4: 2}"
832,3,0.6,4|3|3|4|3,"{4: 2, 3: 3}"
833,3,0.8,3|3|2|3|3,"{3: 4, 2: 1}"
834,1,0.4,1|1|-1|0|2,"{1: 2, 0: 1, 2: 1}"
835,2,0.4,2|3|1|2|3,"{2: 2, 3: 2, 1: 1}"
836,3,1.0,3|3|3|3|3,{3: 5}
837,3,0.6,3|4|3|4|3,"{3: 3, 4: 2}"
838,2,0.6,2|2|3|2|4,"{2: 3, 3: 1, 4: 1}"
839,0,0.4,1|0|2|2|0,"{1: 1, 0: 2, 2: 2}"
840,5,1.0,5|5|5|5|5,{5: 5}
841,2,0.4,4|2|1|2|1,"{4: 1, 2: 2, 1: 2}"
842,1,0.6,1|1|3|1|4,"{1: 3, 3: 1, 4: 1}"
843,2,0.6,3|2|3|2|2,"{3: 2, 2: 3}"
844,5,1.0,5|5|5|5|5,{5: 5}
845,2,0.8,2|2|3|2|2,"{2: 4, 3: 1}"
846,3,0.8,3|3|2|3|3,"{3: 4, 2: 1}"
847,2,0.8,2|2|1|2|2,"{2: 4, 1: 1}"
848,2,1.0,2|2|2|2|2,{2: 5}
849,3,0.6,3|3|4|3|2,"{3: 3, 4: 1, 2: 1}"
850,2,0.6,2|3|2|3|2,"{2: 3, 3: 2}"
851,1,0.8,1|1|1|5|1,"{1: 4, 5: 1}"
852,3,0.4,2|3|1|3|1,"{2: 1, 3: 2, 1: 2}"
853,2,0.8,2|2|2|1|2,"{2: 4, 1: 1}"
854,4,1.0,4|4|4|4|4,{4: 5}
855,2,0.6,3|2|3|2|2,"{3: 2, 2: 3}"
856,2,0.6,4|4|2|2|2,"{4: 2, 2: 3}"
857,4,1.0,4|4|4|4|4,{4: 5}
858,2,0.8,2|2|2|4|2,"{2: 4, 4: 1}"
859,2,1.0,2|2|2|2|2,{2: 5}
860,5,0.8,5|5|5|5|3,"{5: 4, 3: 1}"
861,1,0.8,1|1|1|2|1,"{1: 4, 2: 1}"
862,3,0.4,3|4|4|2|3,"{3: 2, 4: 2, 2: 1}"
863,4,0.4,4|3|5|4|3,"{4: 2, 3: 2, 5: 1}"
864,3,1.0,3|3|3|3|3,{3: 5}
865,4,0.6,4|1|1|4|4,"{4: 3, 1: 2}"
866,2,1.0,2|2|2|2|2,{2: 5}
867,2,1.0,2|2|2|2|2,{2: 5}
868,3,0.8,3|3|3|2|3,"{3: 4, 2: 1}"
869,3,1.0,3|3|3|3|3,{3: 5}
870,3,0.6,3|3|4|3|4,"{3: 3, 4: 2}"
871,2,1.0,2|2|2|2|2,{2: 5}
872,3,1.0,3|3|3|3|3,{3: 5}
873,3,0.4,3|2|3|5|1,"{3: 2, 2: 1, 5: 1, 1: 1}"
874,4,0.8,4|3|4|4|4,"{4: 4, 3: 1}"
875,3,1.0,3|3|3|3|3,{3: 5}
876,2,0.8,2|2|1|2|2,"{2: 4, 1: 1}"
877,3,1.0,3|3|3|3|3,{3: 5}
878,4,1.0,4|4|4|4|4,{4: 5}
879,2,0.4,4|6|2|5|2,"{4: 1, 6: 1, 2: 2, 5: 1}"
880,5,0.6,5|5|2|5|2,"{5: 3, 2: 2}"
881,2,1.0,2|2|2|2|2,{2: 5}
882,4,0.4,4|3|3|2|4,"{4: 2, 3: 2, 2: 1}"
883,2,1.0,2|2|2|2|2,{2: 5}
884,2,0.6,2|4|4|2|2,"{2: 3, 4: 2}"
885,3,0.6,3|3|3|4|4,"{3: 3, 4: 2}"
886,2,1.0,2|2|2|2|2,{2: 5}
887,1,0.8,1|3|1|1|1,"{1: 4, 3: 1}"
888,1,0.6,1|2|1|0|1,"{1: 3, 2: 1, 0: 1}"
889,2,0.8,2|2|2|2|1,"{2: 4, 1: 1}"
890,4,0.4,4|1|4|5|1,"{4: 2, 1: 2, 5: 1}"
891,3,0.6,3|3|5|3|1,"{3: 3, 5: 1, 1: 1}"
892,2,0.8,2|2|3|2|2,"{2: 4, 3: 1}"
893,4,1.0,4|4|4|4|4,{4: 5}
894,3,0.8,2|3|3|3|3,"{2: 1, 3: 4}"
895,0,1.0,0|0|0|0|0,{0: 5}
896,4,0.6,4|4|6|6|4,"{4: 3, 6: 2}"
897,2,0.6,2|2|1|2|4,"{2: 3, 1: 1, 4: 1}"
898,3,0.8,3|4|3|3|3,"{3: 4, 4: 1}"
899,3,1.0,3|3|3|3|3,{3: 5}
900,2,1.0,2|2|2|2|2,{2: 5}
901,0,0.6,0|1|1|0|0,"{0: 3, 1: 2}"
902,2,1.0,2|2|2|2|2,{2: 5}
903,3,0.6,2|2|3|3|3,"{2: 2, 3: 3}"
904,4,1.0,4|4|4|4|4,{4: 5}
905,2,0.6,2|2|2|1|1,"{2: 3, 1: 2}"
906,4,0.6,3|4|4|3|4,"{3: 2, 4: 3}"
907,2,1.0,2|2|2|2|2,{2: 5}
908,3,0.6,3|3|2|3|2,"{3: 3, 2: 2}"
909,3,1.0,3|3|3|3|3,{3: 5}
910,1,0.6,3|0|1|1|1,"{3: 1, 0: 1, 1: 3}"
911,4,1.0,4|4|4|4|4,{4: 5}
912,4,1.0,4|4|4|4|4,{4: 5}
913,5,1.0,5|5|5|5|5,{5: 5}
914,3,0.8,3|3|3|3|1,"{3: 4, 1: 1}"
915,2,1.0,2|2|2|2|2,{2: 5}
916,3,0.6,3|3|3|2|4,"{3: 3, 2: 1, 4: 1}"
917,2,0.4,2|1|0|1|2,"{2: 2, 1: 2, 0: 1}"
918,2,0.8,2|2|3|2|2,"{2: 4, 3: 1}"
919,3,0.8,3|3|1|3|3,"{3: 4, 1: 1}"
920,2,0.6,3|2|2|3|2,"{3: 2, 2: 3}"
921,3,1.0,3|3|3|3|3,{3: 5}
922,4,0.8,4|4|2|4|4,"{4: 4, 2: 1}"
923,2,1.0,2|2|2|2|2,{2: 5}
924,3,0.6,3|3|3|4|-1,"{3: 3, 4: 1}"
925,5,1.0,5|5|5|5|5,{5: 5}
926,3,1.0,3|3|3|3|3,{3: 5}
927,3,1.0,3|3|3|3|3,{3: 5}
928,3,1.0,3|3|3|3|3,{3: 5}
929,2,1.0,2|2|2|2|2,{2: 5}
930,3,1.0,3|3|3|3|3,{3: 5}
931,2,1.0,2|2|2|2|2,{2: 5}
932,3,0.8,3|3|2|3|3,"{3: 4, 2: 1}"
933,2,1.0,2|2|2|2|2,{2: 5}
934,1,0.8,1|1|1|1|0,"{1: 4, 0: 1}"
935,5,0.6,5|5|4|5|4,"{5: 3, 4: 2}"
936,2,1.0,2|2|2|2|2,{2: 5}
937,1,0.6,1|2|1|2|1,"{1: 3, 2: 2}"
938,2,0.6,3|3|2|2|2,"{3: 2, 2: 3}"
939,3,0.6,3|4|5|3|3,"{3: 3, 4: 1, 5: 1}"
940,4,1.0,4|4|4|4|4,{4: 5}
941,5,0.8,5|4|5|5|5,"{5: 4, 4: 1}"
942,2,1.0,2|2|2|2|2,{2: 5}
943,4,1.0,4|4|4|4|4,{4: 5}
944,4,0.6,4|4|3|4|3,"{4: 3, 3: 2}"
945,3,0.6,3|3|3|4|4,"{3: 3, 4: 2}"
946,4,0.8,4|4|4|4|2,"{4: 4, 2: 1}"
947,4,1.0,4|4|4|4|4,{4: 5}
948,3,0.8,3|2|3|3|3,"{3: 4, 2: 1}"
949,4,1.0,4|4|4|4|4,{4: 5}
950,3,0.4,3|2|0|3|2,"{3: 2, 2: 2, 0: 1}"
951,2,0.6,2|2|3|2|3,"{2: 3, 3: 2}"
952,5,0.6,2|5|5|2|5,"{2: 2, 5: 3}"
953,3,1.0,3|3|3|3|3,{3: 5}
954,4,0.8,4|4|2|4|4,"{4: 4, 2: 1}"
955,3,0.8,3|2|3|3|3,"{3: 4, 2: 1}"
956,4,0.8,4|2|4|4|4,"{4: 4, 2: 1}"
957,2,1.0,2|2|2|2|2,{2: 5}
958,2,0.8,2|3|2|2|2,"{2: 4, 3: 1}"
959,2,0.8,2|2|3|2|2,"{2: 4, 3: 1}"
960,3,0.6,3|3|3|2|2,"{3: 3, 2: 2}"
961,3,0.6,3|3|1|1|3,"{3: 3, 1: 2}"
962,3,1.0,3|3|3|3|3,{3: 5}
963,4,1.0,4|4|4|4|4,{4: 5}
964,4,1.0,4|4|4|4|4,{4: 5}
965,0,0.2,0|1|5|3|4,"{0: 1, 1: 1, 5: 1, 3: 1, 4: 1}"
966,5,1.0,5|5|5|5|5,{5: 5}
967,0,1.0,0|0|0|0|0,{0: 5}
968,3,0.8,3|3|1|3|3,"{3: 4, 1: 1}"
969,1,0.6,4|1|2|1|1,"{4: 1, 1: 3, 2: 1}"
970,1,0.8,2|1|1|1|1,"{2: 1, 1: 4}"
971,5,1.0,5|5|5|5|5,{5: 5}
972,3,1.0,3|3|3|3|3,{3: 5}
973,4,0.6,5|3|4|4|4,"{5: 1, 3: 1, 4: 3}"
974,2,0.8,2|2|2|2|3,"{2: 4, 3: 1}"
975,1,0.6,0|0|1|1|1,"{0: 2, 1: 3}"
976,2,0.8,2|3|2|2|2,"{2: 4, 3: 1}"
977,3,0.8,3|2|3|3|3,"{3: 4, 2: 1}"
978,2,0.8,2|2|2|3|2,"{2: 4, 3: 1}"
979,3,0.8,3|3|2|3|3,"{3: 4, 2: 1}"
980,1,0.8,1|1|1|2|1,"{1: 4, 2: 1}"
981,2,1.0,2|2|2|2|2,{2: 5}
982,3,1.0,3|3|3|3|3,{3: 5}
983,4,0.6,4|4|5|5|4,"{4: 3, 5: 2}"
984,2,1.0,2|2|2|2|2,{2: 5}
985,2,0.6,2|2|2|1|3,"{2: 3, 1: 1, 3: 1}"
986,4,1.0,4|4|4|4|4,{4: 5}
987,3,0.8,3|3|3|3|2,"{3: 4, 2: 1}"
988,3,0.8,3|3|3|3|4,"{3: 4, 4: 1}"
989,4,0.6,4|4|4|3|2,"{4: 3, 3: 1, 2: 1}"
990,3,1.0,3|3|3|3|3,{3: 5}
991,4,1.0,4|4|4|4|4,{4: 5}
992,2,0.6,4|2|2|2|4,"{4: 2, 2: 3}"
993,2,1.0,2|2|2|2|2,{2: 5}
994,3,0.8,3|2|3|3|3,"{3: 4, 2: 1}"
995,3,0.8,2|3|3|3|3,"{2: 1, 3: 4}"
996,4,1.0,4|4|4|4|4,{4: 5}
997,2,0.8,2|2|2|2|3,"{2: 4, 3: 1}"
998,2,1.0,2|2|2|2|2,{2: 5}
999,2,1.0,2|2|2|2|2,{2: 5}
1000,3,1.0,3|3|3|3|3,{3: 5}
1001,4,1.0,4|4|4|4|4,{4: 5}
1002,3,0.4,3|4|2|3|2,"{3: 2, 4: 1, 2: 2}"
1003,2,1.0,2|2|2|2|2,{2: 5}
1004,2,0.8,2|2|2|1|2,"{2: 4, 1: 1}"
1005,2,0.6,3|2|2|2|3,"{3: 2, 2: 3}"
1006,1,0.8,1|1|1|1|2,"{1: 4, 2: 1}"
1007,4,0.6,4|4|2|4|2,"{4: 3, 2: 2}"
1008,0,1.0,0|0|0|0|0,{0: 5}
1009,1,1.0,1|1|1|1|1,{1: 5}
1010,4,0.8,4|4|4|3|4,"{4: 4, 3: 1}"
1011,1,1.0,1|1|1|1|1,{1: 5}
1012,3,0.8,3|3|2|3|3,"{3: 4, 2: 1}"
1013,3,0.4,3|5|4|3|0,"{3: 2, 5: 1, 4: 1, 0: 1}"
1014,2,0.6,2|2|3|3|2,"{2: 3, 3: 2}"
1015,4,0.8,4|4|5|4|4,"{4: 4, 5: 1}"
1016,3,1.0,3|3|3|3|3,{3: 5}
1017,1,1.0,1|1|1|1|1,{1: 5}
1018,4,1.0,4|4|4|4|4,{4: 5}
1019,3,1.0,3|3|3|3|3,{3: 5}
1020,3,1.0,3|3|3|3|3,{3: 5}
1021,2,1.0,2|2|2|2|2,{2: 5}
1022,5,1.0,5|5|5|5|5,{5: 5}
1023,3,0.6,3|3|2|3|2,"{3: 3, 2: 2}"
1024,4,0.6,3|4|4|4|5,"{3: 1, 4: 3, 5: 1}"
1025,1,0.6,1|1|0|1|0,"{1: 3, 0: 2}"
1026,3,1.0,3|3|3|3|3,{3: 5}
1027,5,0.6,5|5|4|6|5,"{5: 3, 4: 1, 6: 1}"
1028,5,0.6,3|5|5|4|5,"{3: 1, 5: 3, 4: 1}"
1029,5,1.0,5|5|5|5|5,{5: 5}
1030,2,0.6,3|3|2|2|2,"{3: 2, 2: 3}"
1031,3,1.0,3|3|3|3|3,{3: 5}
1032,5,1.0,5|5|5|5|5,{5: 5}
1033,2,0.8,2|2|2|2|3,"{2: 4, 3: 1}"
1034,2,1.0,2|2|2|2|2,{2: 5}
1035,2,1.0,2|2|2|2|2,{2: 5}
1036,0,0.8,0|0|0|1|0,"{0: 4, 1: 1}"
1037,2,1.0,2|2|2|2|2,{2: 5}
1038,2,1.0,2|2|2|2|2,{2: 5}
1039,3,0.8,3|3|3|4|3,"{3: 4, 4: 1}"
1040,1,0.6,1|2|1|1|2,"{1: 3, 2: 2}"
1041,2,0.8,2|2|2|2|4,"{2: 4, 4: 1}"
1042,1,0.4,1|4|1|0|0,"{1: 2, 4: 1, 0: 2}"
1043,2,0.8,2|2|2|3|2,"{2: 4, 3: 1}"
1044,2,0.8,2|2|2|2|1,"{2: 4, 1: 1}"
1045,1,0.6,1|2|1|2|1,"{1: 3, 2: 2}"
1046,4,1.0,4|4|4|4|4,{4: 5}
1047,1,0.4,1|0|2|2|1,"{1: 2, 0: 1, 2: 2}"
1048,3,0.8,3|3|3|3|2,"{3: 4, 2: 1}"
1049,3,0.6,3|3|3|2|2,"{3: 3, 2: 2}"
1050,4,1.0,4|4|4|4|4,{4: 5}
1051,4,1.0,4|4|4|4|4,{4: 5}
1052,2,0.6,3|2|2|2|3,"{3: 2, 2: 3}"
1053,2,0.8,2|2|2|2|3,"{2: 4, 3: 1}"
1054,3,1.0,3|3|3|3|3,{3: 5}
1055,2,0.6,2|3|2|3|2,"{2: 3, 3: 2}"
1056,2,0.6,2|2|2|3|3,"{2: 3, 3: 2}"
1057,2,0.6,2|2|3|2|3,"{2: 3, 3: 2}"
1058,2,0.4,2|1|2|3|0,"{2: 2, 1: 1, 3: 1, 0: 1}"
1059,2,0.8,2|2|3|2|2,"{2: 4, 3: 1}"
1060,5,0.6,5|5|5|3|3,"{5: 3, 3: 2}"
1061,4,1.0,4|4|4|4|4,{4: 5}
1062,3,1.0,3|3|3|3|3,{3: 5}
1063,3,0.6,4|4|3|3|3,"{4: 2, 3: 3}"
1064,3,0.8,3|3|3|4|3,"{3: 4, 4: 1}"
1065,3,1.0,3|3|3|3|3,{3: 5}
1066,3,1.0,3|3|3|3|3,{3: 5}
1067,2,0.8,2|2|2|3|2,"{2: 4, 3: 1}"
1068,3,0.8,3|3|3|2|3,"{3: 4, 2: 1}"
1069,1,0.4,1|1|5|5|0,"{1: 2, 5: 2, 0: 1}"
1070,2,0.4,2|3|3|4|2,"{2: 2, 3: 2, 4: 1}"
1071,2,0.8,2|4|2|2|2,"{2: 4, 4: 1}"
1072,2,1.0,2|2|2|2|2,{2: 5}
1073,2,0.6,2|2|3|3|2,"{2: 3, 3: 2}"
1074,3,0.6,3|3|2|3|6,"{3: 3, 2: 1, 6: 1}"
1075,2,0.8,2|2|2|3|2,"{2: 4, 3: 1}"
1076,6,0.8,6|6|6|5|6,"{6: 4, 5: 1}"
1077,2,1.0,2|2|2|2|2,{2: 5}
1078,0,0.6,0|0|2|1|0,"{0: 3, 2: 1, 1: 1}"
1079,4,0.8,4|3|4|4|4,"{4: 4, 3: 1}"
1080,3,0.6,3|3|2|3|2,"{3: 3, 2: 2}"
1081,4,0.8,4|2|4|4|4,"{4: 4, 2: 1}"
1082,4,1.0,4|4|4|4|4,{4: 5}
1083,3,0.6,3|2|3|3|2,"{3: 3, 2: 2}"
1084,3,0.8,3|3|2|3|3,"{3: 4, 2: 1}"
1085,4,0.4,4|6|4|3|2,"{4: 2, 6: 1, 3: 1, 2: 1}"
1086,3,1.0,3|3|3|3|3,{3: 5}
1087,4,1.0,4|4|4|4|4,{4: 5}
1088,2,0.6,2|2|2|1|1,"{2: 3, 1: 2}"
1089,2,0.6,1|1|2|2|2,"{1: 2, 2: 3}"
1090,3,1.0,3|3|3|3|3,{3: 5}
1091,3,1.0,3|3|3|3|3,{3: 5}
1092,3,0.8,3|3|3|3|2,"{3: 4, 2: 1}"
1093,3,1.0,3|3|3|3|3,{3: 5}
1094,4,1.0,4|4|4|4|4,{4: 5}
1095,3,1.0,3|3|3|3|3,{3: 5}
1096,3,1.0,3|3|3|3|3,{3: 5}
1097,4,0.8,4|4|4|3|4,"{4: 4, 3: 1}"
1098,3,0.8,3|3|3|3|4,"{3: 4, 4: 1}"
1099,2,0.6,2|3|2|3|2,"{2: 3, 3: 2}"
1100,2,0.6,2|2|3|2|3,"{2: 3, 3: 2}"
1101,3,1.0,3|3|3|3|3,{3: 5}
1102,4,1.0,4|4|4|4|4,{4: 5}
1103,2,0.8,2|2|2|2|3,"{2: 4, 3: 1}"
1104,2,0.6,3|4|2|2|2,"{3: 1, 4: 1, 2: 3}"
1105,5,1.0,5|5|5|5|5,{5: 5}
1106,3,1.0,3|3|3|3|3,{3: 5}
1107,3,1.0,3|3|3|3|3,{3: 5}
1108,3,0.6,3|3|2|2|3,"{3: 3, 2: 2}"
1109,4,1.0,4|4|4|4|4,{4: 5}
1110,1,0.6,1|1|2|1|0,"{1: 3, 2: 1, 0: 1}"
1111,3,0.8,3|2|3|3|3,"{3: 4, 2: 1}"
1112,4,1.0,4|4|4|4|4,{4: 5}
1113,5,1.0,5|5|5|5|5,{5: 5}
1114,2,1.0,2|2|2|2|2,{2: 5}
1115,4,0.8,4|4|4|4|3,"{4: 4, 3: 1}"
1116,2,1.0,2|2|2|2|2,{2: 5}
1117,0,1.0,0|0|0|0|0,{0: 5}
1118,0,0.6,0|0|0|1|1,"{0: 3, 1: 2}"
1119,3,1.0,3|3|3|3|3,{3: 5}
1120,1,0.6,1|1|1|3|4,"{1: 3, 3: 1, 4: 1}"
1121,3,0.8,0|3|3|3|3,"{0: 1, 3: 4}"
1122,5,0.8,5|5|5|4|5,"{5: 4, 4: 1}"
1123,2,1.0,2|2|2|2|2,{2: 5}
1124,2,0.6,2|2|3|2|3,"{2: 3, 3: 2}"
1125,1,0.6,1|2|1|1|0,"{1: 3, 2: 1, 0: 1}"
1126,3,1.0,3|3|3|3|3,{3: 5}
1127,3,1.0,3|3|3|3|3,{3: 5}
1128,3,0.6,5|5|3|3|3,"{5: 2, 3: 3}"
1129,4,1.0,4|4|4|4|4,{4: 5}
1130,2,1.0,2|2|2|2|2,{2: 5}
1131,3,0.8,3|3|3|0|3,"{3: 4, 0: 1}"
1132,3,1.0,3|3|3|3|3,{3: 5}
1133,3,0.8,3|3|4|3|3,"{3: 4, 4: 1}"
1134,2,0.8,2|2|2|3|2,"{2: 4, 3: 1}"
1135,4,1.0,4|4|4|4|4,{4: 5}
1136,2,1.0,2|2|2|2|2,{2: 5}
1137,4,0.6,4|4|2|2|4,"{4: 3, 2: 2}"
1138,2,1.0,2|2|2|2|2,{2: 5}
1139,4,0.6,4|5|5|4|4,"{4: 3, 5: 2}"
1140,2,0.6,2|2|5|2|4,"{2: 3, 5: 1, 4: 1}"
1141,2,1.0,2|2|2|2|2,{2: 5}
1142,1,0.8,1|2|1|1|1,"{1: 4, 2: 1}"
1143,4,0.8,4|4|4|4|2,"{4: 4, 2: 1}"
1144,2,0.4,2|1|0|2|1,"{2: 2, 1: 2, 0: 1}"
1145,2,0.8,2|2|2|2|3,"{2: 4, 3: 1}"
1146,3,0.4,3|2|2|3|1,"{3: 2, 2: 2, 1: 1}"
1147,3,1.0,3|3|3|3|3,{3: 5}
1148,2,0.8,2|2|2|2|3,"{2: 4, 3: 1}"
1149,3,0.8,3|3|3|4|3,"{3: 4, 4: 1}"
1150,4,1.0,4|4|4|4|4,{4: 5}
1151,2,0.4,2|3|5|2|3,"{2: 2, 3: 2, 5: 1}"
1152,1,0.6,1|1|0|1|2,"{1: 3, 0: 1, 2: 1}"
1153,2,0.4,2|4|2|4|1,"{2: 2, 4: 2, 1: 1}"
1154,2,1.0,2|2|2|2|2,{2: 5}
1155,2,1.0,2|2|2|2|2,{2: 5}
1156,3,0.4,1|3|4|2|3,"{1: 1, 3: 2, 4: 1, 2: 1}"
1157,4,0.6,4|4|2|3|4,"{4: 3, 2: 1, 3: 1}"
1158,4,0.4,4|4|1|1|5,"{4: 2, 1: 2, 5: 1}"
1159,3,0.6,3|3|3|2|2,"{3: 3, 2: 2}"
1160,1,0.4,1|3|2|0|1,"{1: 2, 3: 1, 2: 1, 0: 1}"
1161,2,0.8,2|2|2|3|2,"{2: 4, 3: 1}"
1162,4,0.6,4|4|4|3|2,"{4: 3, 3: 1, 2: 1}"
1163,3,0.4,3|3|4|4|6,"{3: 2, 4: 2, 6: 1}"
1164,3,0.8,3|3|3|3|4,"{3: 4, 4: 1}"
1165,3,0.6,2|3|3|2|3,"{2: 2, 3: 3}"
1166,2,0.4,2|3|4|4|2,"{2: 2, 3: 1, 4: 2}"
1167,2,0.6,5|2|2|5|2,"{5: 2, 2: 3}"
1168,5,1.0,5|5|5|5|5,{5: 5}
1169,2,1.0,2|2|2|2|2,{2: 5}
1170,3,0.6,5|3|3|5|3,"{5: 2, 3: 3}"
1171,3,0.6,3|3|2|3|2,"{3: 3, 2: 2}"
1172,1,0.8,1|1|2|1|1,"{1: 4, 2: 1}"
1173,3,0.4,1|3|3|2|2,"{1: 1, 3: 2, 2: 2}"
1174,5,0.4,5|3|5|4|3,"{5: 2, 3: 2, 4: 1}"
1175,2,1.0,2|2|2|2|2,{2: 5}
1176,2,0.8,2|3|2|2|2,"{2: 4, 3: 1}"
1177,3,0.8,3|3|2|3|3,"{3: 4, 2: 1}"
1178,4,1.0,4|4|4|4|4,{4: 5}
1179,5,0.8,5|5|4|5|5,"{5: 4, 4: 1}"
1180,1,1.0,1|1|1|1|1,{1: 5}
1181,4,0.6,5|4|5|4|4,"{5: 2, 4: 3}"
1182,4,0.8,4|4|3|4|4,"{4: 4, 3: 1}"
1183,5,0.8,5|5|5|1|5,"{5: 4, 1: 1}"
1184,5,1.0,5|5|5|5|5,{5: 5}
1185,3,1.0,3|3|3|3|3,{3: 5}
1186,3,0.8,2|3|3|3|3,"{2: 1, 3: 4}"
1187,1,0.8,1|1|1|1|3,"{1: 4, 3: 1}"
1188,1,0.6,1|1|2|1|4,"{1: 3, 2: 1, 4: 1}"
1189,2,0.8,2|2|2|2|1,"{2: 4, 1: 1}"
1190,5,0.6,5|5|3|5|3,"{5: 3, 3: 2}"
1191,3,1.0,3|3|3|3|3,{3: 5}
1192,2,0.8,2|3|2|2|2,"{2: 4, 3: 1}"
1193,1,0.8,2|1|1|1|1,"{2: 1, 1: 4}"
1194,4,0.6,4|4|3|2|4,"{4: 3, 3: 1, 2: 1}"
1195,3,1.0,3|3|3|3|3,{3: 5}
1196,1,1.0,1|1|1|1|1,{1: 5}
1197,4,0.6,3|4|2|4|4,"{3: 1, 4: 3, 2: 1}"
1198,1,0.6,1|0|1|2|1,"{1: 3, 0: 1, 2: 1}"
1199,2,1.0,2|2|2|2|2,{2: 5}
1200,3,1.0,3|3|3|3|3,{3: 5}
1201,3,1.0,3|3|3|3|3,{3: 5}
1202,4,1.0,4|4|4|4|4,{4: 5}
1203,3,0.4,3|2|4|4|3,"{3: 2, 2: 1, 4: 2}"
1204,0,0.8,0|0|2|0|0,"{0: 4, 2: 1}"
1205,2,0.4,2|3|3|2|4,"{2: 2, 3: 2, 4: 1}"
1206,2,0.4,2|3|2|3|4,"{2: 2, 3: 2, 4: 1}"
1207,3,1.0,3|3|3|3|3,{3: 5}
1208,4,0.6,4|4|3|3|4,"{4: 3, 3: 2}"
1209,0,0.6,2|0|4|0|0,"{2: 1, 0: 3, 4: 1}"
1210,4,0.6,4|4|2|2|4,"{4: 3, 2: 2}"
1211,2,1.0,2|2|2|2|2,{2: 5}
1212,3,0.8,3|3|3|3|2,"{3: 4, 2: 1}"
1213,3,1.0,3|3|3|3|3,{3: 5}
1214,2,1.0,2|2|2|2|2,{2: 5}
1215,4,0.6,3|4|3|4|4,"{3: 2, 4: 3}"
1216,2,0.6,3|2|3|2|2,"{3: 2, 2: 3}"
1217,2,0.6,3|2|2|2|3,"{3: 2, 2: 3}"
1218,1,0.6,1|1|3|0|1,"{1: 3, 3: 1, 0: 1}"
1219,3,1.0,3|3|3|3|3,{3: 5}
1220,1,0.8,1|5|1|1|1,"{1: 4, 5: 1}"
1221,4,1.0,4|4|4|4|4,{4: 5}
1222,2,0.4,1|2|2|5|3,"{1: 1, 2: 2, 5: 1, 3: 1}"
1223,3,0.6,3|3|2|3|2,"{3: 3, 2: 2}"
1224,4,0.8,4|5|4|4|4,"{4: 4, 5: 1}"
1225,2,1.0,2|2|2|2|2,{2: 5}
1226,3,0.8,3|3|3|3|4,"{3: 4, 4: 1}"
1227,5,1.0,5|5|5|5|5,{5: 5}
1228,2,0.4,1|2|3|0|2,"{1: 1, 2: 2, 3: 1, 0: 1}"
1229,2,1.0,2|2|2|2|2,{2: 5}
1230,2,1.0,2|2|2|2|2,{2: 5}
1231,3,1.0,3|3|3|3|3,{3: 5}
1232,0,0.6,0|0|2|0|4,"{0: 3, 2: 1, 4: 1}"
1233,2,0.8,2|2|2|2|3,"{2: 4, 3: 1}"
1234,4,0.8,4|4|4|3|4,"{4: 4, 3: 1}"
1235,3,0.8,3|3|3|2|3,"{3: 4, 2: 1}"
1236,3,0.8,3|3|3|4|3,"{3: 4, 4: 1}"
1237,5,0.6,5|5|3|5|4,"{5: 3, 3: 1, 4: 1}"
1238,2,1.0,2|2|2|2|2,{2: 5}
1239,2,1.0,2|2|2|2|2,{2: 5}
1240,4,1.0,4|4|4|4|4,{4: 5}
1241,3,1.0,3|3|3|3|3,{3: 5}
1242,3,0.6,3|2|3|2|3,"{3: 3, 2: 2}"
1243,2,0.8,2|2|2|3|2,"{2: 4, 3: 1}"
1244,2,1.0,2|2|2|2|2,{2: 5}
1245,1,0.8,1|1|1|2|1,"{1: 4, 2: 1}"
1246,4,1.0,4|4|4|4|4,{4: 5}
1247,3,1.0,3|3|3|3|3,{3: 5}
1248,2,0.6,2|2|2|1|3,"{2: 3, 1: 1, 3: 1}"
1249,2,1.0,2|2|2|2|2,{2: 5}
1250,2,1.0,2|2|2|2|2,{2: 5}
1251,1,0.8,1|1|2|1|1,"{1: 4, 2: 1}"
1252,2,1.0,2|2|2|2|2,{2: 5}
1253,2,1.0,2|2|2|2|2,{2: 5}
1254,2,1.0,2|2|2|2|2,{2: 5}
1255,2,1.0,2|2|2|2|2,{2: 5}
1256,3,1.0,3|3|3|3|3,{3: 5}
1257,4,0.8,4|4|4|3|4,"{4: 4, 3: 1}"
1258,1,1.0,1|1|1|1|1,{1: 5}
1259,2,0.6,2|2|4|4|2,"{2: 3, 4: 2}"
1260,4,0.8,4|4|2|4|4,"{4: 4, 2: 1}"
1261,4,1.0,4|4|4|4|4,{4: 5}
1262,2,1.0,2|2|2|2|2,{2: 5}
1263,0,0.6,0|0|2|3|0,"{0: 3, 2: 1, 3: 1}"
1264,4,0.8,4|4|4|3|4,"{4: 4, 3: 1}"
1265,2,0.4,2|1|1|2|3,"{2: 2, 1: 2, 3: 1}"
1266,4,0.8,3|4|4|4|4,"{3: 1, 4: 4}"
1267,5,0.8,5|5|5|3|5,"{5: 4, 3: 1}"
1268,2,0.8,2|2|2|2|3,"{2: 4, 3: 1}"
1269,5,0.8,5|5|5|4|5,"{5: 4, 4: 1}"
1270,2,1.0,2|2|2|2|2,{2: 5}
1271,3,1.0,3|3|3|3|3,{3: 5}
1272,2,0.6,3|3|2|2|2,"{3: 2, 2: 3}"
1273,3,0.8,3|3|3|3|2,"{3: 4, 2: 1}"
1274,1,0.6,1|1|1|0|2,"{1: 3, 0: 1, 2: 1}"
1275,1,0.8,1|1|1|1|2,"{1: 4, 2: 1}"
1276,5,1.0,5|5|5|5|5,{5: 5}
1277,5,1.0,5|5|5|5|5,{5: 5}
1278,3,1.0,3|3|3|3|3,{3: 5}
1279,1,0.4,1|1|2|5|5,"{1: 2, 2: 1, 5: 2}"
1280,2,1.0,2|2|2|2|2,{2: 5}
1281,2,1.0,2|2|2|2|2,{2: 5}
1282,2,0.8,2|2|2|2|3,"{2: 4, 3: 1}"
1283,1,0.4,1|2|3|1|2,"{1: 2, 2: 2, 3: 1}"
1284,2,0.6,2|2|2|1|0,"{2: 3, 1: 1, 0: 1}"
1285,1,0.6,2|1|1|1|0,"{2: 1, 1: 3, 0: 1}"
1286,4,1.0,4|4|4|4|4,{4: 5}
1287,2,1.0,2|2|2|2|2,{2: 5}
1288,5,0.4,5|5|4|2|3,"{5: 2, 4: 1, 2: 1, 3: 1}"
1289,2,1.0,2|2|2|2|2,{2: 5}
1290,3,0.4,3|2|3|2|-1,"{3: 2, 2: 2}"
1291,2,0.6,2|2|3|2|3,"{2: 3, 3: 2}"
1292,2,1.0,2|2|2|2|2,{2: 5}
1293,1,0.8,1|1|4|1|1,"{1: 4, 4: 1}"
1294,2,0.8,2|2|2|1|2,"{2: 4, 1: 1}"
1295,2,1.0,2|2|2|2|2,{2: 5}
1296,3,0.4,3|1|1|3|5,"{3: 2, 1: 2, 5: 1}"
1297,3,0.8,3|3|2|3|3,"{3: 4, 2: 1}"
1298,2,1.0,2|2|2|2|2,{2: 5}
1299,3,1.0,3|3|3|3|3,{3: 5}
1300,3,1.0,3|3|3|3|3,{3: 5}
1301,3,1.0,3|3|3|3|3,{3: 5}
1302,1,1.0,1|1|1|1|1,{1: 5}
1303,3,1.0,3|3|3|3|3,{3: 5}
1304,1,0.8,1|1|2|1|1,"{1: 4, 2: 1}"
1305,2,1.0,2|2|2|2|2,{2: 5}
1306,2,0.6,2|5|2|5|2,"{2: 3, 5: 2}"
1307,4,1.0,4|4|4|4|4,{4: 5}
1308,2,1.0,2|2|2|2|2,{2: 5}
1309,5,0.6,5|4|5|5|1,"{5: 3, 4: 1, 1: 1}"
1310,3,1.0,3|3|3|3|3,{3: 5}
1311,2,0.4,2|3|3|2|4,"{2: 2, 3: 2, 4: 1}"
1312,3,0.8,3|3|3|5|3,"{3: 4, 5: 1}"
1313,5,0.8,5|5|5|5|4,"{5: 4, 4: 1}"
1314,3,1.0,3|3|3|3|3,{3: 5}
1315,3,1.0,3|3|3|3|3,{3: 5}
1316,3,1.0,3|3|3|3|3,{3: 5}
1317,2,1.0,2|2|2|2|2,{2: 5}
1318,4,0.6,4|3|4|2|4,"{4: 3, 3: 1, 2: 1}"
1319,1,1.0,1|1|1|1|1,{1: 5}
1320,4,1.0,4|4|4|4|4,{4: 5}
1321,2,0.8,2|2|2|3|2,"{2: 4, 3: 1}"
1322,4,1.0,4|4|4|4|4,{4: 5}
1323,3,1.0,3|3|3|3|3,{3: 5}
1324,2,0.8,2|2|2|2|3,"{2: 4, 3: 1}"
1325,3,0.6,2|3|3|3|2,"{2: 2, 3: 3}"
1326,2,0.6,2|2|4|2|3,"{2: 3, 4: 1, 3: 1}"
1327,6,0.4,6|2|2|6|3,"{6: 2, 2: 2, 3: 1}"
1328,3,0.8,3|3|2|3|3,"{3: 4, 2: 1}"
1329,3,0.8,3|3|3|3|2,"{3: 4, 2: 1}"
1330,3,0.8,3|2|3|3|3,"{3: 4, 2: 1}"
1331,2,0.6,2|3|2|3|2,"{2: 3, 3: 2}"
1332,3,0.4,3|2|2|3|5,"{3: 2, 2: 2, 5: 1}"
1333,3,0.4,2|3|1|1|3,"{2: 1, 3: 2, 1: 2}"
1334,3,1.0,3|3|3|3|3,{3: 5}
1335,2,0.8,2|2|2|1|2,"{2: 4, 1: 1}"
1336,3,0.6,4|3|3|3|4,"{4: 2, 3: 3}"
1337,1,0.8,3|1|1|1|1,"{3: 1, 1: 4}"
1338,3,0.8,3|3|3|2|3,"{3: 4, 2: 1}"
1339,3,1.0,3|3|3|3|3,{3: 5}
1340,3,0.8,3|3|3|2|3,"{3: 4, 2: 1}"
1341,3,1.0,3|3|3|3|3,{3: 5}
1342,2,0.6,2|4|2|2|4,"{2: 3, 4: 2}"
1343,3,0.6,4|3|3|3|4,"{4: 2, 3: 3}"
1344,3,0.4,3|3|4|1|2,"{3: 2, 4: 1, 1: 1, 2: 1}"
1345,2,0.6,2|4|4|2|2,"{2: 3, 4: 2}"
1346,0,1.0,0|0|0|0|0,{0: 5}
1347,2,0.8,2|2|2|2|4,"{2: 4, 4: 1}"
1348,3,1.0,3|3|3|3|3,{3: 5}
1349,4,1.0,4|4|4|4|4,{4: 5}
1350,4,1.0,4|4|4|4|4,{4: 5}
1351,5,0.6,2|5|5|5|3,"{2: 1, 5: 3, 3: 1}"
1352,6,0.8,6|6|6|3|6,"{6: 4, 3: 1}"
1353,5,0.6,5|2|5|5|4,"{5: 3, 2: 1, 4: 1}"
1354,4,0.8,4|4|4|1|4,"{4: 4, 1: 1}"
1355,2,0.6,3|2|3|2|2,"{3: 2, 2: 3}"
1356,3,1.0,3|3|3|3|3,{3: 5}
1357,2,0.8,2|1|2|2|2,"{2: 4, 1: 1}"
1358,2,0.8,1|2|2|2|2,"{1: 1, 2: 4}"
1359,6,0.6,6|6|6|5|5,"{6: 3, 5: 2}"
1360,5,0.6,5|4|4|5|5,"{5: 3, 4: 2}"
1361,2,0.8,2|2|4|2|2,"{2: 4, 4: 1}"
1362,2,0.6,2|2|2|3|3,"{2: 3, 3: 2}"
1363,2,1.0,2|2|2|2|2,{2: 5}
1364,3,1.0,3|3|3|3|3,{3: 5}
1365,3,0.8,3|3|3|4|3,"{3: 4, 4: 1}"
1366,2,0.4,2|4|2|3|4,"{2: 2, 4: 2, 3: 1}"
1367,1,0.8,1|3|1|1|1,"{1: 4, 3: 1}"
1368,5,0.6,3|5|3|5|5,"{3: 2, 5: 3}"
1369,4,0.8,4|4|4|4|3,"{4: 4, 3: 1}"
1370,3,1.0,3|3|3|3|3,{3: 5}
1371,2,0.8,2|2|2|1|2,"{2: 4, 1: 1}"
1372,5,0.4,5|3|3|5|4,"{5: 2, 3: 2, 4: 1}"
1373,2,1.0,2|2|2|2|2,{2: 5}
1374,2,1.0,2|2|2|2|2,{2: 5}
1375,5,1.0,5|5|5|5|5,{5: 5}
1376,3,0.6,1|3|1|3|3,"{1: 2, 3: 3}"
1377,5,0.6,4|3|5|5|5,"{4: 1, 3: 1, 5: 3}"
1378,5,0.6,5|5|5|3|2,"{5: 3, 3: 1, 2: 1}"
1379,4,0.6,2|2|4|4|4,"{2: 2, 4: 3}"
1380,4,0.4,4|4|2|2|3,"{4: 2, 2: 2, 3: 1}"
1381,4,1.0,4|4|4|4|4,{4: 5}
1382,3,1.0,3|3|3|3|3,{3: 5}
1383,2,1.0,2|2|2|2|2,{2: 5}
1384,2,1.0,2|2|2|2|2,{2: 5}
1385,3,0.6,3|3|4|3|2,"{3: 3, 4: 1, 2: 1}"
1386,2,0.8,2|2|2|3|2,"{2: 4, 3: 1}"
1387,4,0.8,4|4|4|5|4,"{4: 4, 5: 1}"
1388,1,1.0,1|1|1|1|1,{1: 5}
1389,2,1.0,2|2|2|2|2,{2: 5}
1390,4,1.0,4|4|4|4|4,{4: 5}
1391,1,0.8,1|1|1|2|1,"{1: 4, 2: 1}"
1392,3,0.8,3|2|3|3|3,"{3: 4, 2: 1}"
1393,4,0.6,5|4|5|4|4,"{5: 2, 4: 3}"
1394,1,0.6,1|1|0|0|1,"{1: 3, 0: 2}"
1395,0,0.6,1|5|0|0|0,"{1: 1, 5: 1, 0: 3}"
1396,3,0.6,3|5|3|3|5,"{3: 3, 5: 2}"
1397,0,1.0,0|0|0|0|0,{0: 5}
1398,2,1.0,2|2|2|2|2,{2: 5}
1399,5,1.0,5|5|5|5|5,{5: 5}
1400,2,0.8,2|2|2|2|3,"{2: 4, 3: 1}"
1401,4,0.8,4|4|2|4|4,"{4: 4, 2: 1}"
1402,5,0.6,5|5|4|4|5,"{5: 3, 4: 2}"
1403,3,1.0,3|3|3|3|3,{3: 5}
1404,5,1.0,5|5|5|5|5,{5: 5}
1405,3,1.0,3|3|3|3|3,{3: 5}
1406,2,1.0,2|2|2|2|2,{2: 5}
1407,3,0.8,2|3|3|3|3,"{2: 1, 3: 4}"
1408,5,1.0,5|5|5|5|5,{5: 5}
1409,5,1.0,5|5|5|5|5,{5: 5}
1410,4,0.6,4|2|3|4|4,"{4: 3, 2: 1, 3: 1}"
1411,2,0.4,2|1|2|3|3,"{2: 2, 1: 1, 3: 2}"
1412,1,0.4,1|2|2|1|3,"{1: 2, 2: 2, 3: 1}"
1413,3,0.6,3|3|2|3|0,"{3: 3, 2: 1, 0: 1}"
1414,4,0.6,4|4|4|5|5,"{4: 3, 5: 2}"
1415,5,1.0,5|5|5|5|5,{5: 5}
1416,2,0.6,2|2|2|0|0,"{2: 3, 0: 2}"
1417,4,1.0,4|4|4|4|4,{4: 5}
1418,4,1.0,4|4|4|4|4,{4: 5}
1419,4,0.8,4|4|4|4|3,"{4: 4, 3: 1}"
1420,2,0.8,2|3|2|2|2,"{2: 4, 3: 1}"
1421,5,0.8,5|5|5|4|5,"{5: 4, 4: 1}"
1422,4,1.0,4|4|4|4|4,{4: 5}
1423,2,0.8,2|2|2|2|3,"{2: 4, 3: 1}"
1424,2,1.0,2|2|2|2|2,{2: 5}
1425,2,0.4,2|2|4|3|4,"{2: 2, 4: 2, 3: 1}"
1426,2,1.0,2|2|2|2|2,{2: 5}
1427,2,0.4,4|3|0|2|2,"{4: 1, 3: 1, 0: 1, 2: 2}"
1428,4,1.0,4|4|4|4|4,{4: 5}
1429,3,0.6,3|4|3|4|3,"{3: 3, 4: 2}"
1430,2,1.0,2|2|2|2|2,{2: 5}
1431,2,1.0,2|2|2|2|2,{2: 5}
1432,3,0.6,3|2|3|3|2,"{3: 3, 2: 2}"
1433,2,0.8,2|2|2|2|1,"{2: 4, 1: 1}"
1434,2,1.0,2|2|2|2|2,{2: 5}
1435,3,0.8,3|3|2|3|3,"{3: 4, 2: 1}"
1436,5,0.6,5|5|4|5|4,"{5: 3, 4: 2}"
1437,4,1.0,4|4|4|4|4,{4: 5}
1438,3,0.8,3|3|3|3|2,"{3: 4, 2: 1}"
1439,2,1.0,2|2|2|2|2,{2: 5}
1440,2,1.0,2|2|2|2|2,{2: 5}
1441,5,1.0,5|5|5|5|5,{5: 5}
1442,3,0.6,2|2|3|3|3,"{2: 2, 3: 3}"
1443,4,0.8,4|4|4|3|4,"{4: 4, 3: 1}"
1444,2,1.0,2|2|2|2|2,{2: 5}
1445,2,0.8,3|2|2|2|2,"{3: 1, 2: 4}"
1446,2,1.0,2|2|2|2|2,{2: 5}
1447,3,0.8,3|3|3|3|2,"{3: 4, 2: 1}"
1448,0,1.0,0|0|0|0|0,{0: 5}
1449,4,1.0,4|4|4|4|4,{4: 5}
1450,2,0.6,1|2|1|2|2,"{1: 2, 2: 3}"
1451,2,1.0,2|2|2|2|2,{2: 5}
1452,3,0.8,3|3|2|3|3,"{3: 4, 2: 1}"
1453,2,0.8,2|2|2|3|2,"{2: 4, 3: 1}"
1454,4,1.0,4|4|4|4|4,{4: 5}
1455,5,1.0,5|5|5|5|5,{5: 5}
1456,2,0.4,2|3|3|2|1,"{2: 2, 3: 2, 1: 1}"
1457,2,0.8,3|2|2|2|2,"{3: 1, 2: 4}"
1458,3,0.8,3|3|3|2|3,"{3: 4, 2: 1}"
1459,1,0.8,1|1|1|2|1,"{1: 4, 2: 1}"
1460,3,0.6,3|3|2|4|3,"{3: 3, 2: 1, 4: 1}"
1461,2,0.6,2|4|5|2|2,"{2: 3, 4: 1, 5: 1}"
1462,3,1.0,3|3|3|3|3,{3: 5}
1463,3,0.6,3|2|3|3|2,"{3: 3, 2: 2}"
1464,2,0.4,3|2|5|5|2,"{3: 1, 2: 2, 5: 2}"
1465,2,1.0,2|2|2|2|2,{2: 5}
1466,2,1.0,2|2|2|2|2,{2: 5}
1467,2,0.6,2|1|2|2|5,"{2: 3, 1: 1, 5: 1}"
1468,0,0.6,1|0|1|0|0,"{1: 2, 0: 3}"
1469,3,1.0,3|3|3|3|3,{3: 5}
1470,5,1.0,5|5|5|5|5,{5: 5}
1471,2,1.0,2|2|2|2|2,{2: 5}
1472,3,1.0,3|3|3|3|3,{3: 5}
1473,3,1.0,3|3|3|3|3,{3: 5}
1474,4,1.0,4|4|4|4|4,{4: 5}
1475,5,0.6,5|5|0|4|5,"{5: 3, 0: 1, 4: 1}"
1476,2,1.0,2|2|2|2|2,{2: 5}
1477,3,1.0,3|3|3|3|3,{3: 5}
1478,3,0.6,3|3|3|5|2,"{3: 3, 5: 1, 2: 1}"
1479,3,1.0,3|3|3|3|3,{3: 5}
1480,2,0.6,1|1|2|2|2,"{1: 2, 2: 3}"
1481,4,0.4,3|1|5|4|4,"{3: 1, 1: 1, 5: 1, 4: 2}"
1482,3,0.6,3|2|5|3|3,"{3: 3, 2: 1, 5: 1}"
1483,2,0.8,1|2|2|2|2,"{1: 1, 2: 4}"
1484,4,0.8,4|2|4|4|4,"{4: 4, 2: 1}"
1485,6,1.0,6|6|6|6|6,{6: 5}
1486,2,1.0,2|2|2|2|2,{2: 5}
1487,3,0.8,3|3|4|3|3,"{3: 4, 4: 1}"
1488,3,1.0,3|3|3|3|3,{3: 5}
1489,3,1.0,3|3|3|3|3,{3: 5}
1490,1,1.0,1|1|1|1|1,{1: 5}
1491,5,1.0,5|5|5|5|5,{5: 5}
1492,2,0.6,2|2|1|4|2,"{2: 3, 1: 1, 4: 1}"
1493,4,1.0,4|4|4|4|4,{4: 5}
1494,2,0.6,2|3|2|2|3,"{2: 3, 3: 2}"
1495,4,0.6,3|4|4|4|3,"{3: 2, 4: 3}"
1496,3,0.8,3|3|2|3|3,"{3: 4, 2: 1}"
1497,2,1.0,2|2|2|2|2,{2: 5}
1498,3,1.0,3|3|3|3|3,{3: 5}
1499,2,0.8,2|2|2|4|2,"{2: 4, 4: 1}"
1500,4,0.8,4|4|3|4|4,"{4: 4, 3: 1}"
1501,5,0.8,5|5|5|5|3,"{5: 4, 3: 1}"
1502,3,1.0,3|3|3|3|3,{3: 5}
1503,3,1.0,3|3|3|3|3,{3: 5}
1504,4,0.8,4|4|4|2|4,"{4: 4, 2: 1}"
1505,2,0.8,2|2|2|2|1,"{2: 4, 1: 1}"
1506,2,0.8,2|2|3|2|2,"{2: 4, 3: 1}"
1507,4,1.0,4|4|4|4|4,{4: 5}
1508,3,1.0,3|3|3|3|3,{3: 5}
1509,2,0.6,2|4|2|2|4,"{2: 3, 4: 2}"
1510,4,1.0,4|4|4|4|4,{4: 5}
1511,4,1.0,4|4|4|4|4,{4: 5}
1512,1,0.4,4|1|3|3|1,"{4: 1, 1: 2, 3: 2}"
1513,2,1.0,2|2|2|2|2,{2: 5}
1514,3,0.6,3|3|2|3|4,"{3: 3, 2: 1, 4: 1}"
1515,4,1.0,4|4|4|4|4,{4: 5}
1516,2,1.0,2|2|2|2|2,{2: 5}
1517,1,1.0,1|1|1|1|1,{1: 5}
1518,3,0.8,3|3|3|2|3,"{3: 4, 2: 1}"
1519,3,0.8,3|3|3|3|4,"{3: 4, 4: 1}"
1520,2,1.0,2|2|2|2|2,{2: 5}
1521,4,1.0,4|4|4|4|4,{4: 5}
1522,3,0.8,3|3|3|4|3,"{3: 4, 4: 1}"
1523,0,0.6,0|1|1|0|0,"{0: 3, 1: 2}"
1524,0,0.8,0|0|0|0|2,"{0: 4, 2: 1}"
1525,4,0.6,4|3|4|4|3,"{4: 3, 3: 2}"
1526,3,0.8,3|3|3|3|2,"{3: 4, 2: 1}"
1527,2,0.8,3|2|2|2|2,"{3: 1, 2: 4}"
1528,2,0.6,2|2|4|1|2,"{2: 3, 4: 1, 1: 1}"
1529,4,1.0,4|4|4|4|4,{4: 5}
1530,4,1.0,4|4|4|4|4,{4: 5}
1531,4,1.0,4|4|4|4|4,{4: 5}
1532,4,0.6,4|3|4|4|2,"{4: 3, 3: 1, 2: 1}"
1533,4,1.0,4|4|4|4|4,{4: 5}
1534,4,1.0,4|4|4|4|4,{4: 5}
1535,4,0.6,1|3|4|4|4,"{1: 1, 3: 1, 4: 3}"
1536,0,0.4,0|1|1|3|0,"{0: 2, 1: 2, 3: 1}"
1537,5,0.8,5|5|5|5|3,"{5: 4, 3: 1}"
1538,5,0.4,3|5|4|5|4,"{3: 1, 5: 2, 4: 2}"
1539,6,0.8,6|6|6|6|5,"{6: 4, 5: 1}"
1540,2,0.4,1|2|0|0|2,"{1: 1, 2: 2, 0: 2}"
1541,2,0.8,2|3|2|2|2,"{2: 4, 3: 1}"
1542,3,1.0,3|3|3|3|3,{3: 5}
1543,4,0.6,4|4|5|4|5,"{4: 3, 5: 2}"
1544,2,1.0,2|2|2|2|2,{2: 5}
1545,2,1.0,2|2|2|2|2,{2: 5}
1546,2,1.0,2|2|2|2|2,{2: 5}
1547,4,0.6,4|4|3|3|4,"{4: 3, 3: 2}"
1548,2,0.8,2|2|2|1|2,"{2: 4, 1: 1}"
1549,3,0.4,3|3|5|2|5,"{3: 2, 5: 2, 2: 1}"
1550,3,0.6,3|3|3|4|4,"{3: 3, 4: 2}"
1551,1,0.8,1|1|1|1|2,"{1: 4, 2: 1}"
1552,2,1.0,2|2|2|2|2,{2: 5}
1553,4,0.6,4|3|4|3|4,"{4: 3, 3: 2}"
1554,3,0.8,3|2|3|3|3,"{3: 4, 2: 1}"
1555,5,0.6,5|4|5|4|5,"{5: 3, 4: 2}"
1556,1,1.0,1|1|1|1|1,{1: 5}
1557,1,0.8,1|3|1|1|1,"{1: 4, 3: 1}"
1558,3,0.8,3|3|3|2|3,"{3: 4, 2: 1}"
1559,2,0.6,2|2|3|3|2,"{2: 3, 3: 2}"
1560,1,0.6,1|2|1|4|1,"{1: 3, 2: 1, 4: 1}"
1561,2,0.6,2|2|1|3|2,"{2: 3, 1: 1, 3: 1}"
1562,2,0.6,2|3|2|4|2,"{2: 3, 3: 1, 4: 1}"
1563,3,1.0,3|3|3|3|3,{3: 5}
1564,1,0.8,2|1|1|1|1,"{2: 1, 1: 4}"
1565,2,1.0,2|2|2|2|2,{2: 5}
1566,2,1.0,2|2|2|2|2,{2: 5}
1567,3,0.8,3|3|3|3|2,"{3: 4, 2: 1}"
1568,2,1.0,2|2|2|2|2,{2: 5}
1569,3,1.0,3|3|3|3|3,{3: 5}
1570,2,0.6,2|2|3|2|3,"{2: 3, 3: 2}"
1571,3,0.4,3|2|2|4|3,"{3: 2, 2: 2, 4: 1}"
1572,2,0.4,3|2|4|2|4,"{3: 1, 2: 2, 4: 2}"
1573,2,1.0,2|2|2|2|2,{2: 5}
1574,2,0.8,2|2|2|3|2,"{2: 4, 3: 1}"
1575,3,1.0,3|3|3|3|3,{3: 5}
1576,2,1.0,2|2|2|2|2,{2: 5}
1577,3,1.0,3|3|3|3|3,{3: 5}
1578,5,0.6,3|5|2|5|5,"{3: 1, 5: 3, 2: 1}"
1579,5,0.8,5|5|5|3|5,"{5: 4, 3: 1}"
1580,0,0.6,0|0|1|0|1,"{0: 3, 1: 2}"
1581,3,0.6,3|2|2|3|3,"{3: 3, 2: 2}"
1582,3,0.6,3|3|3|5|5,"{3: 3, 5: 2}"
1583,3,0.6,3|5|3|3|5,"{3: 3, 5: 2}"
1584,0,0.6,1|1|0|0|0,"{1: 2, 0: 3}"
1585,3,0.8,3|3|4|3|3,"{3: 4, 4: 1}"
1586,2,0.6,2|2|2|3|3,"{2: 3, 3: 2}"
1587,2,0.6,2|2|1|2|4,"{2: 3, 1: 1, 4: 1}"
1588,0,0.4,3|2|0|0|1,"{3: 1, 2: 1, 0: 2, 1: 1}"
1589,2,1.0,2|2|2|2|2,{2: 5}
1590,2,0.8,2|2|2|2|0,"{2: 4, 0: 1}"
1591,3,0.6,3|3|3|2|2,"{3: 3, 2: 2}"
1592,4,0.4,0|4|4|5|3,"{0: 1, 4: 2, 5: 1, 3: 1}"
1593,3,0.4,3|4|2|3|5,"{3: 2, 4: 1, 2: 1, 5: 1}"
1594,3,0.6,6|3|3|3|4,"{6: 1, 3: 3, 4: 1}"
1595,0,1.0,0|0|0|0|0,{0: 5}
1596,2,1.0,2|2|2|2|2,{2: 5}
1597,2,0.6,2|2|3|2|3,"{2: 3, 3: 2}"
1598,3,1.0,3|3|3|3|3,{3: 5}
1599,2,1.0,2|2|2|2|2,{2: 5}
1600,3,1.0,3|3|3|3|3,{3: 5}
1601,2,0.8,2|3|2|2|2,"{2: 4, 3: 1}"
1602,1,0.6,1|1|3|1|4,"{1: 3, 3: 1, 4: 1}"
1603,2,0.6,2|1|2|2|3,"{2: 3, 1: 1, 3: 1}"
1604,2,1.0,2|2|2|2|2,{2: 5}
1605,3,0.6,2|3|3|2|3,"{2: 2, 3: 3}"
1606,2,1.0,2|2|2|2|2,{2: 5}
1607,3,0.6,3|2|3|3|2,"{3: 3, 2: 2}"
1608,3,0.6,3|3|2|3|2,"{3: 3, 2: 2}"
1609,3,0.4,3|2|3|2|1,"{3: 2, 2: 2, 1: 1}"
1610,2,1.0,2|2|2|2|2,{2: 5}
1611,2,1.0,2|2|2|2|2,{2: 5}
1612,2,0.8,2|2|2|4|2,"{2: 4, 4: 1}"
1613,2,0.8,2|3|2|2|2,"{2: 4, 3: 1}"
1614,3,0.8,3|3|3|3|2,"{3: 4, 2: 1}"
1615,2,1.0,2|2|2|2|2,{2: 5}
1616,3,0.4,2|3|4|4|3,"{2: 1, 3: 2, 4: 2}"
1617,2,0.8,2|2|2|2|1,"{2: 4, 1: 1}"
1618,4,1.0,4|4|4|4|4,{4: 5}
1619,5,0.8,5|5|5|5|3,"{5: 4, 3: 1}"
1620,2,0.6,2|2|1|2|5,"{2: 3, 1: 1, 5: 1}"
1621,2,1.0,2|2|2|2|2,{2: 5}
1622,3,0.6,1|3|3|1|3,"{1: 2, 3: 3}"
1623,1,0.6,1|0|4|1|1,"{1: 3, 0: 1, 4: 1}"
1624,1,0.6,1|1|3|1|4,"{1: 3, 3: 1, 4: 1}"
1625,3,0.4,3|5|5|4|3,"{3: 2, 5: 2, 4: 1}"
1626,4,0.6,3|4|4|4|1,"{3: 1, 4: 3, 1: 1}"
1627,5,0.4,4|5|5|2|3,"{4: 1, 5: 2, 2: 1, 3: 1}"
1628,0,0.8,0|0|0|0|4,"{0: 4, 4: 1}"
1629,2,1.0,2|2|2|2|2,{2: 5}
1630,5,1.0,5|5|5|5|5,{5: 5}
1631,1,0.8,1|1|1|1|0,"{1: 4, 0: 1}"
1632,2,1.0,2|2|2|2|2,{2: 5}
1633,3,1.0,3|3|3|3|3,{3: 5}
1634,4,1.0,4|4|4|4|4,{4: 5}
1635,2,0.6,2|2|3|3|2,"{2: 3, 3: 2}"
1636,3,1.0,3|3|3|3|3,{3: 5}
1637,6,0.6,3|6|5|6|6,"{3: 1, 6: 3, 5: 1}"
1638,2,0.8,2|2|3|2|2,"{2: 4, 3: 1}"
1639,4,0.8,4|4|3|4|4,"{4: 4, 3: 1}"
1640,1,0.6,1|1|2|1|2,"{1: 3, 2: 2}"
1641,3,1.0,3|3|3|3|3,{3: 5}
1642,2,1.0,2|2|2|2|2,{2: 5}
1643,4,1.0,4|4|4|4|4,{4: 5}
1644,1,0.6,1|1|1|0|0,"{1: 3, 0: 2}"
1645,4,1.0,4|4|4|4|4,{4: 5}
1646,2,0.8,2|2|2|2|4,"{2: 4, 4: 1}"
1647,3,0.8,3|3|3|3|6,"{3: 4, 6: 1}"
1648,2,1.0,2|2|2|2|2,{2: 5}
1649,1,0.4,1|1|4|2|2,"{1: 2, 4: 1, 2: 2}"
1650,4,0.8,3|4|4|4|4,"{3: 1, 4: 4}"
1651,1,0.8,1|1|1|3|1,"{1: 4, 3: 1}"
1652,2,0.6,2|4|3|2|2,"{2: 3, 4: 1, 3: 1}"
1653,4,1.0,4|4|4|4|4,{4: 5}
1654,3,0.4,3|4|3|2|4,"{3: 2, 4: 2, 2: 1}"
1655,0,0.6,0|0|2|3|0,"{0: 3, 2: 1, 3: 1}"
1656,1,0.6,1|2|1|1|-1,"{1: 3, 2: 1}"
1657,3,0.8,3|3|2|3|3,"{3: 4, 2: 1}"
1658,1,0.6,1|1|1|2|2,"{1: 3, 2: 2}"
1659,2,1.0,2|2|2|2|2,{2: 5}
1660,2,0.8,2|2|2|3|2,"{2: 4, 3: 1}"
1661,3,0.6,3|2|3|1|3,"{3: 3, 2: 1, 1: 1}"
1662,2,0.8,2|2|2|3|2,"{2: 4, 3: 1}"
1663,3,0.8,3|3|3|2|3,"{3: 4, 2: 1}"
1664,3,1.0,3|3|3|3|3,{3: 5}
1665,3,0.6,2|3|3|3|4,"{2: 1, 3: 3, 4: 1}"
1666,3,1.0,3|3|3|3|3,{3: 5}
1667,3,0.6,2|3|3|3|2,"{2: 2, 3: 3}"
1668,2,0.8,2|2|2|2|1,"{2: 4, 1: 1}"
1669,2,1.0,2|2|2|2|2,{2: 5}
1670,1,1.0,1|1|1|1|1,{1: 5}
1671,4,0.8,4|4|4|4|3,"{4: 4, 3: 1}"
1672,5,1.0,5|5|5|5|5,{5: 5}
1673,4,0.8,5|4|4|4|4,"{5: 1, 4: 4}"
1674,3,1.0,3|3|3|3|3,{3: 5}
1675,3,0.4,3|2|4|3|2,"{3: 2, 2: 2, 4: 1}"
1676,3,0.6,5|3|3|2|3,"{5: 1, 3: 3, 2: 1}"
1677,4,0.8,4|4|3|4|4,"{4: 4, 3: 1}"
1678,2,1.0,2|2|2|2|2,{2: 5}
1679,2,0.6,3|3|2|2|2,"{3: 2, 2: 3}"
1680,2,1.0,2|2|2|2|2,{2: 5}
1681,2,0.6,2|2|3|2|3,"{2: 3, 3: 2}"
1682,3,1.0,3|3|3|3|3,{3: 5}
1683,3,0.8,3|4|3|3|3,"{3: 4, 4: 1}"
1684,2,1.0,2|2|2|2|2,{2: 5}
1685,2,1.0,2|2|2|2|2,{2: 5}
1686,4,0.8,4|4|1|4|4,"{4: 4, 1: 1}"
1687,2,1.0,2|2|2|2|2,{2: 5}
1688,3,1.0,3|3|3|3|3,{3: 5}
1689,2,1.0,2|2|2|2|2,{2: 5}
1690,4,0.4,4|4|3|2|2,"{4: 2, 3: 1, 2: 2}"
1691,5,0.8,5|5|3|5|5,"{5: 4, 3: 1}"
1692,3,1.0,3|3|3|3|3,{3: 5}
1693,3,0.8,3|3|3|5|3,"{3: 4, 5: 1}"
1694,2,1.0,2|2|2|2|2,{2: 5}
1695,3,0.6,3|0|2|3|3,"{3: 3, 0: 1, 2: 1}"
1696,1,0.6,1|0|0|1|1,"{1: 3, 0: 2}"
1697,3,0.6,3|3|2|3|2,"{3: 3, 2: 2}"
1698,2,1.0,2|2|2|2|2,{2: 5}
1699,2,0.8,2|3|2|2|2,"{2: 4, 3: 1}"
1700,5,1.0,5|5|5|5|5,{5: 5}
1701,3,1.0,3|3|3|3|3,{3: 5}
1702,4,0.4,4|5|5|4|3,"{4: 2, 5: 2, 3: 1}"
1703,4,1.0,4|4|4|4|4,{4: 5}
1704,3,1.0,3|3|3|3|3,{3: 5}
1705,1,0.8,1|3|1|1|1,"{1: 4, 3: 1}"
1706,2,1.0,2|2|2|2|2,{2: 5}
1707,5,0.8,5|5|5|0|5,"{5: 4, 0: 1}"
1708,3,0.8,3|3|3|2|3,"{3: 4, 2: 1}"
1709,2,0.8,2|2|3|2|2,"{2: 4, 3: 1}"
1710,2,0.8,2|2|2|1|2,"{2: 4, 1: 1}"
1711,2,0.8,2|2|2|3|2,"{2: 4, 3: 1}"
1712,2,1.0,2|2|2|2|2,{2: 5}
1713,3,0.6,2|2|3|3|3,"{2: 2, 3: 3}"
1714,2,0.8,2|2|2|4|2,"{2: 4, 4: 1}"
1715,2,1.0,2|2|2|2|2,{2: 5}
1716,2,1.0,2|2|2|2|2,{2: 5}
1717,2,1.0,2|2|2|2|2,{2: 5}
1718,2,1.0,2|2|2|2|2,{2: 5}
1719,2,1.0,2|2|2|2|2,{2: 5}
1720,2,1.0,2|2|2|2|2,{2: 5}
1721,2,1.0,2|2|2|2|2,{2: 5}
1722,1,0.6,2|2|1|1|1,"{2: 2, 1: 3}"
1723,2,0.6,3|2|2|-1|2,"{3: 1, 2: 3}"
1724,3,0.6,3|3|2|3|2,"{3: 3, 2: 2}"
1725,2,0.4,2|2|5|3|5,"{2: 2, 5: 2, 3: 1}"
1726,2,1.0,2|2|2|2|2,{2: 5}
1727,2,0.8,2|2|2|3|2,"{2: 4, 3: 1}"
1728,3,0.8,3|3|3|3|2,"{3: 4, 2: 1}"
1729,2,1.0,2|2|2|2|2,{2: 5}
1730,2,0.4,2|2|3|4|3,"{2: 2, 3: 2, 4: 1}"
1731,2,1.0,2|2|2|2|2,{2: 5}
1732,2,0.8,2|2|2|1|2,"{2: 4, 1: 1}"
1733,2,0.8,2|2|2|2|3,"{2: 4, 3: 1}"
1734,2,1.0,2|2|2|2|2,{2: 5}
1735,2,1.0,2|2|2|2|2,{2: 5}
1736,2,1.0,2|2|2|2|2,{2: 5}
1737,2,0.8,2|2|2|2|3,"{2: 4, 3: 1}"
1738,2,1.0,2|2|2|2|2,{2: 5}
1739,2,1.0,2|2|2|2|2,{2: 5}
1740,2,1.0,2|2|2|2|2,{2: 5}
1741,3,0.6,3|3|4|3|2,"{3: 3, 4: 1, 2: 1}"
1742,2,0.8,2|2|2|1|2,"{2: 4, 1: 1}"
1743,2,1.0,2|2|2|2|2,{2: 5}
1744,4,1.0,4|4|4|4|4,{4: 5}
1745,2,1.0,2|2|2|2|2,{2: 5}
1746,2,0.6,3|2|2|3|2,"{3: 2, 2: 3}"
1747,2,1.0,2|2|2|2|2,{2: 5}
1748,2,1.0,2|2|2|2|2,{2: 5}
1749,2,0.4,2|3|2|1|0,"{2: 2, 3: 1, 1: 1, 0: 1}"
1750,2,1.0,2|2|2|2|2,{2: 5}
1751,2,0.4,2|1|1|2|-1,"{2: 2, 1: 2}"
1752,2,0.4,2|1|3|3|2,"{2: 2, 1: 1, 3: 2}"
1753,2,0.8,2|2|3|2|2,"{2: 4, 3: 1}"
1754,2,0.8,2|2|1|2|2,"{2: 4, 1: 1}"
1755,2,0.8,2|2|2|2|1,"{2: 4, 1: 1}"
1756,2,1.0,2|2|2|2|2,{2: 5}
1757,2,1.0,2|2|2|2|2,{2: 5}
1758,2,1.0,2|2|2|2|2,{2: 5}
1759,2,0.6,2|2|1|2|1,"{2: 3, 1: 2}"
1760,2,1.0,2|2|2|2|2,{2: 5}
1761,2,1.0,2|2|2|2|2,{2: 5}
1762,2,1.0,2|2|2|2|2,{2: 5}
1763,2,0.8,2|2|2|2|1,"{2: 4, 1: 1}"
1764,2,0.8,2|2|2|2|3,"{2: 4, 3: 1}"
1765,2,1.0,2|2|2|2|2,{2: 5}
1766,2,1.0,2|2|2|2|2,{2: 5}
1767,2,0.6,1|2|2|2|1,"{1: 2, 2: 3}"
1768,3,1.0,3|3|3|3|3,{3: 5}
1769,1,0.6,1|2|1|1|2,"{1: 3, 2: 2}"
1770,1,1.0,1|1|1|1|1,{1: 5}
1771,1,0.6,1|1|1|2|2,"{1: 3, 2: 2}"
1772,1,1.0,1|1|1|1|1,{1: 5}
1773,3,0.6,1|3|3|3|1,"{1: 2, 3: 3}"
1774,2,0.6,2|2|4|3|2,"{2: 3, 4: 1, 3: 1}"
1775,1,0.8,1|1|2|1|1,"{1: 4, 2: 1}"
1776,1,1.0,1|1|1|1|1,{1: 5}
1777,1,0.6,2|1|1|1|2,"{2: 2, 1: 3}"
1778,1,0.4,1|2|1|3|3,"{1: 2, 2: 1, 3: 2}"
1779,1,0.8,1|3|1|1|1,"{1: 4, 3: 1}"
1780,1,0.6,0|1|0|1|1,"{0: 2, 1: 3}"
1781,1,0.8,1|1|2|1|1,"{1: 4, 2: 1}"
1782,1,1.0,1|1|1|1|1,{1: 5}
1783,1,1.0,1|1|1|1|1,{1: 5}
1784,1,1.0,1|1|1|1|1,{1: 5}
1785,3,0.4,3|-1|4|4|3,"{3: 2, 4: 2}"
1786,3,0.4,3|2|3|1|1,"{3: 2, 2: 1, 1: 2}"
1787,3,0.6,3|2|1|3|3,"{3: 3, 2: 1, 1: 1}"
1788,3,0.6,2|3|3|1|3,"{2: 1, 3: 3, 1: 1}"
1789,2,1.0,2|2|2|2|2,{2: 5}
1790,2,0.8,2|2|2|2|3,"{2: 4, 3: 1}"
1791,1,1.0,1|1|1|1|1,{1: 5}
1792,3,0.4,3|4|3|5|4,"{3: 2, 4: 2, 5: 1}"
1793,4,0.8,4|4|4|4|5,"{4: 4, 5: 1}"
1794,4,1.0,4|4|4|4|4,{4: 5}
1795,4,1.0,4|4|4|4|4,{4: 5}
1796,3,1.0,3|3|3|3|3,{3: 5}
1797,3,0.6,3|3|4|3|4,"{3: 3, 4: 2}"
1798,1,0.4,3|1|1|2|2,"{3: 1, 1: 2, 2: 2}"
1799,3,0.8,3|3|2|3|3,"{3: 4, 2: 1}"
1800,2,0.6,3|2|2|4|2,"{3: 1, 2: 3, 4: 1}"
1801,2,0.8,2|2|2|2|3,"{2: 4, 3: 1}"
1802,3,0.4,3|3|1|0|4,"{3: 2, 1: 1, 0: 1, 4: 1}"
1803,2,0.8,2|2|3|2|2,"{2: 4, 3: 1}"
1804,3,0.4,3|1|3|2|2,"{3: 2, 1: 1, 2: 2}"
1805,2,0.8,2|2|2|2|1,"{2: 4, 1: 1}"
1806,3,0.8,3|2|3|3|3,"{3: 4, 2: 1}"
1807,3,1.0,3|3|3|3|3,{3: 5}
1808,3,0.6,3|2|2|3|3,"{3: 3, 2: 2}"
1809,3,0.6,3|3|3|2|2,"{3: 3, 2: 2}"
1810,3,1.0,3|3|3|3|3,{3: 5}
1811,2,0.8,2|3|2|2|2,"{2: 4, 3: 1}"
1812,3,1.0,3|3|3|3|3,{3: 5}
1813,2,1.0,2|2|2|2|2,{2: 5}
1814,2,1.0,2|2|2|2|2,{2: 5}
1815,3,1.0,3|3|3|3|3,{3: 5}
1816,2,0.4,2|2|1|1|3,"{2: 2, 1: 2, 3: 1}"
1817,2,1.0,2|2|2|2|2,{2: 5}
1818,3,0.6,3|2|3|2|3,"{3: 3, 2: 2}"
1819,3,0.8,2|3|3|3|3,"{2: 1, 3: 4}"
1820,3,1.0,3|3|3|3|3,{3: 5}
1821,3,1.0,3|3|3|3|3,{3: 5}
1822,2,1.0,2|2|2|2|2,{2: 5}
1823,2,0.8,2|2|2|3|2,"{2: 4, 3: 1}"
1824,5,1.0,5|5|5|5|5,{5: 5}
1825,4,1.0,4|4|4|4|4,{4: 5}
1826,5,1.0,5|5|5|5|5,{5: 5}
1827,4,0.6,4|3|4|3|4,"{4: 3, 3: 2}"
1828,4,1.0,4|4|4|4|4,{4: 5}
1829,2,0.4,2|5|2|5|1,"{2: 2, 5: 2, 1: 1}"
1830,1,0.6,1|3|2|1|1,"{1: 3, 3: 1, 2: 1}"
1831,2,1.0,2|2|2|2|2,{2: 5}
1832,2,1.0,2|2|2|2|2,{2: 5}
1833,2,0.6,2|2|3|2|3,"{2: 3, 3: 2}"
1834,2,0.6,2|2|2|1|1,"{2: 3, 1: 2}"
1835,3,0.8,3|6|3|3|3,"{3: 4, 6: 1}"
1836,2,0.6,2|2|2|5|6,"{2: 3, 5: 1, 6: 1}"
1837,3,0.6,3|2|3|3|2,"{3: 3, 2: 2}"
1838,1,0.8,1|1|1|1|0,"{1: 4, 0: 1}"
1839,1,0.6,1|2|1|4|1,"{1: 3, 2: 1, 4: 1}"
1840,3,0.6,3|5|3|3|5,"{3: 3, 5: 2}"
1841,0,0.6,0|0|4|4|0,"{0: 3, 4: 2}"
1842,3,0.6,3|4|3|3|5,"{3: 3, 4: 1, 5: 1}"
1843,1,1.0,1|1|1|1|1,{1: 5}
1844,3,1.0,3|3|3|3|3,{3: 5}
1845,2,0.6,2|2|1|2|1,"{2: 3, 1: 2}"
1846,3,0.8,3|3|3|3|2,"{3: 4, 2: 1}"
1847,2,0.4,1|3|2|0|2,"{1: 1, 3: 1, 2: 2, 0: 1}"
1848,4,0.4,4|4|5|3|3,"{4: 2, 5: 1, 3: 2}"
1849,3,0.8,3|3|3|2|3,"{3: 4, 2: 1}"
1850,0,0.8,0|0|0|0|4,"{0: 4, 4: 1}"
1851,3,1.0,3|3|3|3|3,{3: 5}
1852,2,1.0,2|2|2|2|2,{2: 5}
1853,3,1.0,3|3|3|3|3,{3: 5}
1854,3,1.0,3|3|3|3|3,{3: 5}
1855,2,0.8,2|2|2|2|3,"{2: 4, 3: 1}"
1856,1,1.0,1|1|1|1|1,{1: 5}
1857,2,0.6,3|3|2|2|2,"{3: 2, 2: 3}"
1858,2,1.0,2|2|2|2|2,{2: 5}
1859,2,0.6,5|2|2|2|3,"{5: 1, 2: 3, 3: 1}"
1860,4,0.8,4|4|4|5|4,"{4: 4, 5: 1}"
1861,2,0.8,2|2|2|2|3,"{2: 4, 3: 1}"
1862,3,1.0,3|3|3|3|3,{3: 5}
1863,2,1.0,2|2|2|2|2,{2: 5}
1864,3,1.0,3|3|3|3|3,{3: 5}
1865,3,1.0,3|3|3|3|3,{3: 5}
1866,2,1.0,2|2|2|2|2,{2: 5}
1867,3,0.6,3|3|2|3|2,"{3: 3, 2: 2}"
1868,3,0.6,3|2|3|3|2,"{3: 3, 2: 2}"
1869,2,0.4,4|2|2|3|3,"{4: 1, 2: 2, 3: 2}"
1870,3,0.8,3|2|3|3|3,"{3: 4, 2: 1}"
1871,3,0.8,3|3|-1|3|3,{3: 4}
1872,3,1.0,3|3|3|3|3,{3: 5}
1873,3,1.0,3|3|3|3|3,{3: 5}
1874,3,1.0,3|3|3|3|3,{3: 5}
1875,3,1.0,3|3|3|3|3,{3: 5}
1876,2,1.0,2|2|2|2|2,{2: 5}
1877,2,1.0,2|2|2|2|2,{2: 5}
1878,3,0.8,3|3|3|3|5,"{3: 4, 5: 1}"
1879,4,0.6,4|4|3|4|2,"{4: 3, 3: 1, 2: 1}"
1880,4,1.0,4|4|4|4|4,{4: 5}
1881,5,1.0,5|5|5|5|5,{5: 5}
1882,5,1.0,5|5|5|5|5,{5: 5}
1883,5,1.0,5|5|5|5|5,{5: 5}
1884,5,0.8,4|5|5|5|5,"{4: 1, 5: 4}"
1885,5,0.8,5|5|5|5|3,"{5: 4, 3: 1}"
1886,2,1.0,2|2|2|2|2,{2: 5}
1887,2,1.0,2|2|2|2|2,{2: 5}
1888,2,1.0,2|2|2|2|2,{2: 5}
1889,4,0.6,4|4|3|4|3,"{4: 3, 3: 2}"
1890,4,1.0,4|4|4|4|4,{4: 5}
1891,3,0.8,3|3|3|4|3,"{3: 4, 4: 1}"
1892,2,0.4,2|2|3|3|4,"{2: 2, 3: 2, 4: 1}"
1893,4,0.6,3|3|4|4|4,"{3: 2, 4: 3}"
1894,3,0.6,3|2|3|2|3,"{3: 3, 2: 2}"
1895,2,0.6,2|5|2|5|2,"{2: 3, 5: 2}"
1896,5,0.8,5|5|5|5|4,"{5: 4, 4: 1}"
1897,5,1.0,5|5|5|5|5,{5: 5}
1898,4,0.8,5|4|4|4|4,"{5: 1, 4: 4}"
1899,5,1.0,5|5|5|5|5,{5: 5}
1900,4,1.0,4|4|4|4|4,{4: 5}
1901,5,1.0,5|5|5|5|5,{5: 5}
1902,5,1.0,5|5|5|5|5,{5: 5}
1903,5,0.6,5|5|3|3|5,"{5: 3, 3: 2}"
1904,3,1.0,3|3|3|3|3,{3: 5}
1905,2,0.8,2|2|3|2|2,"{2: 4, 3: 1}"
1906,4,1.0,4|4|4|4|4,{4: 5}
1907,1,0.4,1|1|2|2|3,"{1: 2, 2: 2, 3: 1}"
1908,3,0.4,3|3|4|0|4,"{3: 2, 4: 2, 0: 1}"
1909,3,1.0,3|3|3|3|3,{3: 5}
1910,2,1.0,2|2|2|2|2,{2: 5}
1911,3,0.8,3|3|3|4|3,"{3: 4, 4: 1}"
1912,3,0.6,3|5|2|3|3,"{3: 3, 5: 1, 2: 1}"
1913,1,0.6,1|1|1|0|0,"{1: 3, 0: 2}"
1914,3,0.6,4|5|3|3|3,"{4: 1, 5: 1, 3: 3}"
1915,5,0.4,5|3|5|4|3,"{5: 2, 3: 2, 4: 1}"
1916,3,1.0,3|3|3|3|3,{3: 5}
1917,5,0.8,5|3|5|5|5,"{5: 4, 3: 1}"
1918,2,0.6,6|2|2|6|2,"{6: 2, 2: 3}"
1919,3,0.4,3|4|3|2|4,"{3: 2, 4: 2, 2: 1}"
1920,3,0.4,3|3|2|2|4,"{3: 2, 2: 2, 4: 1}"
1921,2,0.6,3|2|3|2|2,"{3: 2, 2: 3}"
1922,2,0.6,2|2|2|3|3,"{2: 3, 3: 2}"
1923,1,0.6,1|2|2|1|1,"{1: 3, 2: 2}"
1924,3,0.6,2|2|3|3|3,"{2: 2, 3: 3}"
1925,3,0.6,2|3|3|2|3,"{2: 2, 3: 3}"
1926,1,1.0,1|1|1|1|1,{1: 5}
1927,1,0.4,2|1|1|3|3,"{2: 1, 1: 2, 3: 2}"
1928,3,0.8,3|3|2|3|3,"{3: 4, 2: 1}"
1929,2,0.6,4|2|2|2|3,"{4: 1, 2: 3, 3: 1}"
1930,3,0.8,3|2|3|3|3,"{3: 4, 2: 1}"
1931,2,0.6,2|2|3|2|3,"{2: 3, 3: 2}"
1932,2,0.6,2|3|2|3|2,"{2: 3, 3: 2}"
1933,2,0.6,3|2|2|3|2,"{3: 2, 2: 3}"
1934,2,1.0,2|2|2|2|2,{2: 5}
1935,3,1.0,3|3|3|3|3,{3: 5}
1936,3,1.0,3|3|3|3|3,{3: 5}
1937,2,0.8,2|1|2|2|2,"{2: 4, 1: 1}"
1938,3,0.8,3|3|3|2|3,"{3: 4, 2: 1}"
1939,3,0.6,2|2|3|3|3,"{2: 2, 3: 3}"
1940,3,1.0,3|3|3|3|3,{3: 5}
1941,3,1.0,3|3|3|3|3,{3: 5}
1942,3,0.6,3|3|2|3|2,"{3: 3, 2: 2}"
1943,2,1.0,2|2|2|2|2,{2: 5}
1944,3,1.0,3|3|3|3|3,{3: 5}
1945,3,1.0,3|3|3|3|3,{3: 5}
1946,3,1.0,3|3|3|3|3,{3: 5}
1947,3,1.0,3|3|3|3|3,{3: 5}
1948,3,1.0,3|3|3|3|3,{3: 5}
1949,2,0.8,2|3|2|2|2,"{2: 4, 3: 1}"
1950,3,1.0,3|3|3|3|3,{3: 5}
1951,3,0.6,2|3|2|3|3,"{2: 2, 3: 3}"
1952,3,1.0,3|3|3|3|3,{3: 5}
1953,3,0.8,3|3|3|3|5,"{3: 4, 5: 1}"
1954,3,0.6,3|5|4|3|3,"{3: 3, 5: 1, 4: 1}"
1955,3,0.4,2|3|5|5|3,"{2: 1, 3: 2, 5: 2}"
1956,4,1.0,4|4|4|4|4,{4: 5}
1957,3,0.8,3|3|3|3|2,"{3: 4, 2: 1}"
1958,5,1.0,5|5|5|5|5,{5: 5}
1959,4,0.4,4|5|3|4|3,"{4: 2, 5: 1, 3: 2}"
1960,3,0.6,3|3|5|4|3,"{3: 3, 5: 1, 4: 1}"
1961,5,1.0,5|5|5|5|5,{5: 5}
1962,5,0.8,5|5|5|5|4,"{5: 4, 4: 1}"
1963,5,1.0,5|5|5|5|5,{5: 5}
1964,4,1.0,4|4|4|4|4,{4: 5}
1965,4,1.0,4|4|4|4|4,{4: 5}
1966,4,1.0,4|4|4|4|4,{4: 5}
1967,4,0.6,4|4|3|4|2,"{4: 3, 3: 1, 2: 1}"
1968,4,1.0,4|4|4|4|4,{4: 5}
1969,4,0.6,4|3|3|4|4,"{4: 3, 3: 2}"
1970,4,1.0,4|4|4|4|4,{4: 5}
1971,4,0.6,4|4|3|3|4,"{4: 3, 3: 2}"
1972,2,0.8,2|2|2|3|2,"{2: 4, 3: 1}"
1973,5,0.6,2|5|5|2|5,"{2: 2, 5: 3}"
1974,3,0.8,3|5|3|3|3,"{3: 4, 5: 1}"
1975,5,1.0,5|5|5|5|5,{5: 5}
1976,3,0.8,3|3|3|2|3,"{3: 4, 2: 1}"
1977,4,0.8,4|4|2|4|4,"{4: 4, 2: 1}"
1978,2,0.4,2|5|4|4|2,"{2: 2, 5: 1, 4: 2}"
1979,3,1.0,3|3|3|3|3,{3: 5}
1980,3,0.6,3|2|3|3|4,"{3: 3, 2: 1, 4: 1}"
1981,2,0.6,2|3|2|2|1,"{2: 3, 3: 1, 1: 1}"
1982,2,1.0,2|2|2|2|2,{2: 5}
1983,4,0.6,4|1|1|4|4,"{4: 3, 1: 2}"
1984,4,0.8,4|4|4|5|4,"{4: 4, 5: 1}"
1985,1,0.4,1|5|1|5|2,"{1: 2, 5: 2, 2: 1}"
1986,3,0.8,3|3|3|2|3,"{3: 4, 2: 1}"
1987,3,1.0,3|3|3|3|3,{3: 5}
1988,3,1.0,3|3|3|3|3,{3: 5}
1989,2,1.0,2|2|2|2|2,{2: 5}
1990,5,1.0,5|5|5|5|5,{5: 5}
1991,4,0.4,0|3|4|4|2,"{0: 1, 3: 1, 4: 2, 2: 1}"
1992,2,0.8,2|3|2|2|2,"{2: 4, 3: 1}"
1993,4,1.0,4|4|4|4|4,{4: 5}
1994,2,0.8,2|2|2|3|2,"{2: 4, 3: 1}"
1995,3,1.0,3|3|3|3|3,{3: 5}
1996,3,1.0,3|3|3|3|3,{3: 5}
1997,3,0.8,3|2|3|3|3,"{3: 4, 2: 1}"
1998,1,1.0,1|1|1|1|1,{1: 5}
1999,3,0.4,1|3|3|2|2,"{1: 1, 3: 2, 2: 2}"
2000,3,0.6,3|3|2|3|4,"{3: 3, 2: 1, 4: 1}"
2001,4,0.6,5|4|3|4|4,"{5: 1, 4: 3, 3: 1}"
2002,3,0.6,3|3|3|2|4,"{3: 3, 2: 1, 4: 1}"
2003,3,1.0,3|3|3|3|3,{3: 5}
2004,2,0.8,2|2|3|2|2,"{2: 4, 3: 1}"
2005,3,0.6,3|3|2|4|3,"{3: 3, 2: 1, 4: 1}"
2006,3,1.0,3|3|3|3|3,{3: 5}
2007,3,0.8,3|3|3|2|3,"{3: 4, 2: 1}"
2008,2,0.6,3|2|2|3|2,"{3: 2, 2: 3}"
2009,3,1.0,3|3|3|3|3,{3: 5}
2010,0,1.0,0|0|0|0|0,{0: 5}
2011,1,0.6,1|1|1|3|0,"{1: 3, 3: 1, 0: 1}"
2012,5,0.6,5|5|3|3|5,"{5: 3, 3: 2}"
2013,3,0.8,3|3|5|3|3,"{3: 4, 5: 1}"
2014,1,0.8,1|1|0|1|1,"{1: 4, 0: 1}"
2015,3,0.6,3|3|2|3|2,"{3: 3, 2: 2}"
2016,3,0.8,3|3|3|3|2,"{3: 4, 2: 1}"
2017,5,0.8,5|5|1|5|5,"{5: 4, 1: 1}"
2018,4,0.4,4|3|5|4|5,"{4: 2, 3: 1, 5: 2}"
2019,1,0.6,1|1|5|1|5,"{1: 3, 5: 2}"
2020,2,1.0,2|2|2|2|2,{2: 5}
2021,0,0.8,0|1|0|0|0,"{0: 4, 1: 1}"
2022,5,0.2,5|3|0|2|1,"{5: 1, 3: 1, 0: 1, 2: 1, 1: 1}"
2023,4,0.6,4|3|3|4|4,"{4: 3, 3: 2}"
2024,0,0.4,0|0|4|5|4,"{0: 2, 4: 2, 5: 1}"
2025,3,0.4,1|3|2|2|3,"{1: 1, 3: 2, 2: 2}"
2026,1,0.8,1|1|1|1|2,"{1: 4, 2: 1}"
2027,3,0.6,2|3|3|3|0,"{2: 1, 3: 3, 0: 1}"
2028,1,0.6,1|1|1|0|3,"{1: 3, 0: 1, 3: 1}"
2029,5,1.0,5|5|5|5|5,{5: 5}
2030,3,0.8,1|3|3|3|3,"{1: 1, 3: 4}"
2031,2,0.6,2|2|3|1|2,"{2: 3, 3: 1, 1: 1}"
2032,4,0.8,4|4|4|4|3,"{4: 4, 3: 1}"
2033,2,0.6,2|3|2|2|3,"{2: 3, 3: 2}"
2034,3,1.0,3|3|3|3|3,{3: 5}
2035,3,0.8,3|1|3|3|3,"{3: 4, 1: 1}"
2036,2,0.6,2|2|3|3|2,"{2: 3, 3: 2}"
2037,2,0.8,2|2|3|2|2,"{2: 4, 3: 1}"
2038,1,0.8,1|1|1|1|2,"{1: 4, 2: 1}"
2039,1,0.4,1|3|1|3|2,"{1: 2, 3: 2, 2: 1}"
2040,4,1.0,4|4|4|4|4,{4: 5}
2041,2,0.8,2|2|2|3|2,"{2: 4, 3: 1}"
2042,1,0.4,1|2|4|1|4,"{1: 2, 2: 1, 4: 2}"
2043,2,0.6,2|2|2|3|3,"{2: 3, 3: 2}"
2044,4,0.8,4|4|4|2|4,"{4: 4, 2: 1}"
2045,1,0.6,1|3|1|3|1,"{1: 3, 3: 2}"
2046,1,1.0,1|1|1|1|1,{1: 5}
2047,1,1.0,1|1|1|1|1,{1: 5}
2048,1,1.0,1|1|1|1|1,{1: 5}
2049,1,1.0,1|1|1|1|1,{1: 5}
2050,5,1.0,5|5|5|5|5,{5: 5}
2051,2,0.6,1|2|2|2|1,"{1: 2, 2: 3}"
2052,1,0.8,1|1|1|1|0,"{1: 4, 0: 1}"
2053,0,0.6,1|0|0|0|2,"{1: 1, 0: 3, 2: 1}"
2054,1,0.4,5|1|0|3|1,"{5: 1, 1: 2, 0: 1, 3: 1}"
2055,1,0.6,0|1|1|1|0,"{0: 2, 1: 3}"
2056,1,0.6,1|5|1|1|0,"{1: 3, 5: 1, 0: 1}"
2057,1,0.8,1|0|1|1|1,"{1: 4, 0: 1}"
2058,2,0.8,2|2|2|2|1,"{2: 4, 1: 1}"
2059,1,0.8,1|1|1|2|1,"{1: 4, 2: 1}"
2060,5,0.6,5|4|5|5|4,"{5: 3, 4: 2}"
2061,5,1.0,5|5|5|5|5,{5: 5}
2062,5,0.8,5|5|5|2|5,"{5: 4, 2: 1}"
2063,3,0.6,3|2|3|3|2,"{3: 3, 2: 2}"
2064,2,1.0,2|2|2|2|2,{2: 5}
2065,2,0.8,2|3|2|2|2,"{2: 4, 3: 1}"
2066,3,1.0,3|3|3|3|3,{3: 5}
2067,2,0.6,3|2|3|2|2,"{3: 2, 2: 3}"
2068,1,0.8,1|1|3|1|1,"{1: 4, 3: 1}"
2069,3,0.6,3|2|2|3|3,"{3: 3, 2: 2}"
2070,3,0.8,3|3|3|3|1,"{3: 4, 1: 1}"
2071,5,0.4,4|5|3|1|5,"{4: 1, 5: 2, 3: 1, 1: 1}"
2072,1,0.4,1|2|0|1|3,"{1: 2, 2: 1, 0: 1, 3: 1}"
2073,0,0.8,0|0|2|0|0,"{0: 4, 2: 1}"
2074,1,0.8,1|1|1|0|1,"{1: 4, 0: 1}"
2075,3,1.0,3|3|3|3|3,{3: 5}
2076,3,1.0,3|3|3|3|3,{3: 5}
2077,3,1.0,3|3|3|3|3,{3: 5}
2078,4,0.4,0|4|4|1|2,"{0: 1, 4: 2, 1: 1, 2: 1}"
2079,2,0.6,2|2|3|2|3,"{2: 3, 3: 2}"
2080,1,0.6,1|1|2|2|1,"{1: 3, 2: 2}"
2081,1,0.6,1|2|1|1|2,"{1: 3, 2: 2}"
2082,1,1.0,1|1|1|1|1,{1: 5}
2083,2,1.0,2|2|2|2|2,{2: 5}
2084,1,0.4,1|2|2|1|3,"{1: 2, 2: 2, 3: 1}"
2085,2,0.6,2|1|2|1|2,"{2: 3, 1: 2}"
2086,0,0.4,1|0|3|0|3,"{1: 1, 0: 2, 3: 2}"
2087,1,0.8,1|1|1|2|1,"{1: 4, 2: 1}"
2088,2,0.6,2|2|1|2|1,"{2: 3, 1: 2}"
2089,1,0.6,2|2|1|1|1,"{2: 2, 1: 3}"
2090,1,0.8,1|1|1|3|1,"{1: 4, 3: 1}"
2091,3,0.8,3|3|3|3|1,"{3: 4, 1: 1}"
2092,1,0.6,1|1|2|4|1,"{1: 3, 2: 1, 4: 1}"
2093,1,1.0,1|1|1|1|1,{1: 5}
2094,2,0.6,2|1|2|1|2,"{2: 3, 1: 2}"
2095,3,0.4,3|3|-1|1|1,"{3: 2, 1: 2}"
2096,2,0.8,2|2|2|1|2,"{2: 4, 1: 1}"
2097,0,0.6,0|3|0|0|4,"{0: 3, 3: 1, 4: 1}"
2098,0,1.0,0|0|0|0|0,{0: 5}
2099,3,0.8,3|3|3|4|3,"{3: 4, 4: 1}"
2100,3,0.4,3|4|4|5|3,"{3: 2, 4: 2, 5: 1}"
2101,5,0.8,5|3|5|5|5,"{5: 4, 3: 1}"
2102,3,0.8,3|3|3|2|3,"{3: 4, 2: 1}"
2103,2,0.6,2|2|3|2|3,"{2: 3, 3: 2}"
2104,5,0.8,5|5|5|5|3,"{5: 4, 3: 1}"
2105,2,0.4,2|2|5|5|3,"{2: 2, 5: 2, 3: 1}"
2106,2,1.0,2|2|2|2|2,{2: 5}
2107,2,1.0,2|2|2|2|2,{2: 5}
2108,2,0.6,2|1|2|1|2,"{2: 3, 1: 2}"
2109,2,0.4,2|2|3|5|5,"{2: 2, 3: 1, 5: 2}"
2110,2,0.6,2|2|4|2|4,"{2: 3, 4: 2}"
2111,2,0.8,2|2|0|2|2,"{2: 4, 0: 1}"
2112,4,0.6,2|1|4|4|4,"{2: 1, 1: 1, 4: 3}"
2113,2,0.8,2|3|2|2|2,"{2: 4, 3: 1}"
2114,3,0.8,3|3|3|3|2,"{3: 4, 2: 1}"
2115,3,0.8,2|3|3|3|3,"{2: 1, 3: 4}"
2116,2,0.8,2|2|2|2|4,"{2: 4, 4: 1}"
2117,3,1.0,3|3|3|3|3,{3: 5}
2118,2,0.6,2|3|3|2|2,"{2: 3, 3: 2}"
2119,4,0.6,4|4|4|2|3,"{4: 3, 2: 1, 3: 1}"
2120,4,1.0,4|4|4|4|4,{4: 5}
2121,4,0.6,4|4|3|4|3,"{4: 3, 3: 2}"
2122,4,0.8,4|4|4|4|3,"{4: 4, 3: 1}"
2123,4,0.8,4|4|4|3|4,"{4: 4, 3: 1}"
2124,3,0.8,3|3|2|3|3,"{3: 4, 2: 1}"
2125,3,1.0,3|3|3|3|3,{3: 5}
2126,3,1.0,3|3|3|3|3,{3: 5}
2127,3,0.8,3|3|2|3|3,"{3: 4, 2: 1}"
2128,2,1.0,2|2|2|2|2,{2: 5}
2129,3,0.8,3|3|2|3|3,"{3: 4, 2: 1}"
2130,4,0.8,4|4|2|4|4,"{4: 4, 2: 1}"
2131,3,0.8,2|3|3|3|3,"{2: 1, 3: 4}"
2132,3,0.6,3|2|3|3|4,"{3: 3, 2: 1, 4: 1}"
2133,3,0.4,3|5|4|4|3,"{3: 2, 5: 1, 4: 2}"
2134,2,0.6,2|2|5|4|2,"{2: 3, 5: 1, 4: 1}"
2135,3,0.8,3|3|3|3|5,"{3: 4, 5: 1}"
2136,3,0.4,3|4|3|2|2,"{3: 2, 4: 1, 2: 2}"
2137,3,0.8,3|3|3|3|1,"{3: 4, 1: 1}"
2138,2,0.8,2|3|2|2|2,"{2: 4, 3: 1}"
2139,3,0.8,3|3|3|2|3,"{3: 4, 2: 1}"
2140,2,0.6,2|3|3|2|2,"{2: 3, 3: 2}"
2141,3,0.8,3|3|3|3|4,"{3: 4, 4: 1}"
2142,3,1.0,3|3|3|3|3,{3: 5}
2143,1,0.6,1|1|2|2|1,"{1: 3, 2: 2}"
2144,1,1.0,1|1|1|1|1,{1: 5}
2145,1,0.8,1|1|3|1|1,"{1: 4, 3: 1}"
2146,3,0.8,3|3|3|2|3,"{3: 4, 2: 1}"
2147,3,0.8,3|3|3|2|3,"{3: 4, 2: 1}"
2148,3,0.8,3|3|3|3|2,"{3: 4, 2: 1}"
2149,3,0.6,3|2|4|3|3,"{3: 3, 2: 1, 4: 1}"
2150,3,0.6,3|5|3|3|2,"{3: 3, 5: 1, 2: 1}"
2151,2,0.8,2|2|2|3|2,"{2: 4, 3: 1}"
2152,2,0.8,2|2|1|2|2,"{2: 4, 1: 1}"
2153,3,0.4,3|1|2|3|2,"{3: 2, 1: 1, 2: 2}"
2154,2,0.6,2|3|3|2|2,"{2: 3, 3: 2}"
2155,4,0.6,4|3|4|4|1,"{4: 3, 3: 1, 1: 1}"
2156,1,0.6,1|1|3|4|1,"{1: 3, 3: 1, 4: 1}"
2157,3,0.4,3|3|5|2|5,"{3: 2, 5: 2, 2: 1}"
2158,3,0.6,3|5|6|3|3,"{3: 3, 5: 1, 6: 1}"
2159,3,0.8,3|3|2|3|3,"{3: 4, 2: 1}"
2160,3,0.6,5|3|5|3|3,"{5: 2, 3: 3}"
2161,2,0.4,2|4|6|2|5,"{2: 2, 4: 1, 6: 1, 5: 1}"
2162,3,1.0,3|3|3|3|3,{3: 5}
2163,3,1.0,3|3|3|3|3,{3: 5}
2164,3,0.8,3|3|3|3|2,"{3: 4, 2: 1}"
2165,3,0.6,2|3|3|1|3,"{2: 1, 3: 3, 1: 1}"
2166,4,1.0,4|4|4|4|4,{4: 5}
2167,2,1.0,2|2|2|2|2,{2: 5}
2168,2,0.8,1|2|2|2|2,"{1: 1, 2: 4}"
2169,4,0.6,2|4|4|4|3,"{2: 1, 4: 3, 3: 1}"
2170,2,0.6,2|1|1|2|2,"{2: 3, 1: 2}"
2171,2,0.6,2|3|4|2|2,"{2: 3, 3: 1, 4: 1}"
2172,0,1.0,0|0|0|0|0,{0: 5}
2173,2,0.8,2|3|2|2|2,"{2: 4, 3: 1}"
2174,4,1.0,4|4|4|4|4,{4: 5}
2175,3,1.0,3|3|3|3|3,{3: 5}
2176,3,0.6,3|2|3|3|2,"{3: 3, 2: 2}"
2177,3,0.6,3|2|3|3|2,"{3: 3, 2: 2}"
2178,4,0.6,5|4|4|5|4,"{5: 2, 4: 3}"
2179,0,0.6,0|1|0|0|4,"{0: 3, 1: 1, 4: 1}"
2180,0,0.6,0|0|0|1|5,"{0: 3, 1: 1, 5: 1}"
2181,4,0.6,4|4|4|3|0,"{4: 3, 3: 1, 0: 1}"
2182,0,0.6,1|0|0|1|0,"{1: 2, 0: 3}"
2183,1,0.6,1|1|0|1|3,"{1: 3, 0: 1, 3: 1}"
2184,5,0.4,5|4|-1|3|5,"{5: 2, 4: 1, 3: 1}"
2185,3,0.8,3|3|1|3|3,"{3: 4, 1: 1}"
2186,3,0.8,3|3|3|3|2,"{3: 4, 2: 1}"
2187,3,1.0,3|3|3|3|3,{3: 5}
2188,5,0.6,4|4|5|5|5,"{4: 2, 5: 3}"
2189,3,0.4,2|3|5|3|4,"{2: 1, 3: 2, 5: 1, 4: 1}"
2190,4,0.4,2|4|5|5|4,"{2: 1, 4: 2, 5: 2}"
2191,3,1.0,3|3|3|3|3,{3: 5}
2192,6,0.4,6|6|3|4|3,"{6: 2, 3: 2, 4: 1}"
2193,2,0.6,2|1|1|2|2,"{2: 3, 1: 2}"
2194,1,0.8,1|1|1|1|3,"{1: 4, 3: 1}"
2195,3,0.8,3|3|4|3|3,"{3: 4, 4: 1}"
2196,2,0.6,2|2|1|2|4,"{2: 3, 1: 1, 4: 1}"
2197,0,0.6,1|2|0|0|0,"{1: 1, 2: 1, 0: 3}"
2198,1,0.4,1|1|3|2|0,"{1: 2, 3: 1, 2: 1, 0: 1}"
2199,0,0.4,0|3|0|2|1,"{0: 2, 3: 1, 2: 1, 1: 1}"
2200,2,0.6,1|2|2|1|2,"{1: 2, 2: 3}"
2201,3,0.8,2|3|3|3|3,"{2: 1, 3: 4}"
2202,2,0.4,1|3|2|2|4,"{1: 1, 3: 1, 2: 2, 4: 1}"
2203,4,0.6,4|5|4|5|4,"{4: 3, 5: 2}"
2204,3,1.0,3|3|3|3|3,{3: 5}
2205,3,1.0,3|3|3|3|3,{3: 5}
2206,2,0.6,3|2|2|2|4,"{3: 1, 2: 3, 4: 1}"
2207,2,0.6,3|2|2|2|3,"{3: 2, 2: 3}"
2208,2,1.0,2|2|2|2|2,{2: 5}
2209,3,0.6,2|3|2|3|3,"{2: 2, 3: 3}"
2210,2,0.6,1|2|2|3|2,"{1: 1, 2: 3, 3: 1}"
2211,2,0.8,2|2|2|3|2,"{2: 4, 3: 1}"
2212,3,1.0,3|3|3|3|3,{3: 5}
2213,3,0.8,3|3|3|2|3,"{3: 4, 2: 1}"
2214,3,1.0,3|3|3|3|3,{3: 5}
2215,3,1.0,3|3|3|3|3,{3: 5}
2216,3,1.0,3|3|3|3|3,{3: 5}
2217,3,0.6,3|3|4|4|3,"{3: 3, 4: 2}"
2218,2,1.0,2|2|2|2|2,{2: 5}
2219,0,0.6,0|0|1|0|1,"{0: 3, 1: 2}"
2220,2,0.6,4|5|2|2|2,"{4: 1, 5: 1, 2: 3}"
2221,2,1.0,2|2|2|2|2,{2: 5}
2222,4,1.0,4|4|4|4|4,{4: 5}
2223,4,0.8,4|4|4|3|4,"{4: 4, 3: 1}"
2224,4,1.0,4|4|4|4|4,{4: 5}
2225,4,1.0,4|4|4|4|4,{4: 5}
2226,4,0.8,4|4|3|4|4,"{4: 4, 3: 1}"
2227,5,1.0,5|5|5|5|5,{5: 5}
2228,5,0.6,5|5|3|5|3,"{5: 3, 3: 2}"
2229,3,0.6,3|3|3|2|1,"{3: 3, 2: 1, 1: 1}"
2230,3,1.0,3|3|3|3|3,{3: 5}
2231,1,0.4,1|2|2|1|4,"{1: 2, 2: 2, 4: 1}"
2232,1,1.0,1|1|1|1|1,{1: 5}
2233,1,1.0,1|1|1|1|1,{1: 5}
2234,1,0.6,4|1|3|1|1,"{4: 1, 1: 3, 3: 1}"
2235,5,0.6,5|5|3|3|5,"{5: 3, 3: 2}"
2236,4,1.0,4|4|4|4|4,{4: 5}
2237,3,1.0,3|3|3|3|3,{3: 5}
2238,4,0.8,5|4|4|4|4,"{5: 1, 4: 4}"
2239,4,1.0,4|4|4|4|4,{4: 5}
2240,4,1.0,4|4|4|4|4,{4: 5}
2241,3,0.6,3|3|2|3|2,"{3: 3, 2: 2}"
2242,2,1.0,2|2|2|2|2,{2: 5}
2243,3,0.8,3|3|2|3|3,"{3: 4, 2: 1}"
2244,2,0.8,2|3|2|2|2,"{2: 4, 3: 1}"
2245,2,1.0,2|2|2|2|2,{2: 5}
2246,3,0.6,3|3|2|2|3,"{3: 3, 2: 2}"
2247,3,1.0,3|3|3|3|3,{3: 5}
2248,4,1.0,4|4|4|4|4,{4: 5}
2249,4,0.8,4|4|4|4|3,"{4: 4, 3: 1}"
2250,4,0.6,3|4|4|4|3,"{3: 2, 4: 3}"
2251,1,0.8,1|1|1|1|2,"{1: 4, 2: 1}"
2252,1,0.8,1|1|1|2|1,"{1: 4, 2: 1}"
2253,2,0.6,2|2|2|0|3,"{2: 3, 0: 1, 3: 1}"
2254,1,0.6,1|3|1|2|1,"{1: 3, 3: 1, 2: 1}"
2255,2,0.6,2|1|1|2|2,"{2: 3, 1: 2}"
2256,2,0.6,2|3|2|3|2,"{2: 3, 3: 2}"
2257,3,1.0,3|3|3|3|3,{3: 5}
2258,2,0.6,2|3|3|2|2,"{2: 3, 3: 2}"
2259,4,0.6,4|4|4|3|2,"{4: 3, 3: 1, 2: 1}"
2260,3,0.8,3|3|3|3|2,"{3: 4, 2: 1}"
2261,3,0.8,3|3|4|3|3,"{3: 4, 4: 1}"
2262,4,0.6,4|5|3|4|4,"{4: 3, 5: 1, 3: 1}"
2263,2,0.6,2|2|3|3|2,"{2: 3, 3: 2}"
2264,0,1.0,0|0|0|0|0,{0: 5}
2265,3,0.8,3|3|2|3|3,"{3: 4, 2: 1}"
2266,1,0.4,1|3|1|2|3,"{1: 2, 3: 2, 2: 1}"
2267,1,0.6,1|1|1|3|2,"{1: 3, 3: 1, 2: 1}"
2268,3,1.0,3|3|3|3|3,{3: 5}
2269,5,0.8,5|5|3|5|5,"{5: 4, 3: 1}"
2270,5,1.0,5|5|5|5|5,{5: 5}
2271,5,1.0,5|5|5|5|5,{5: 5}
2272,5,1.0,5|5|5|5|5,{5: 5}
2273,5,1.0,5|5|5|5|5,{5: 5}
2274,3,1.0,3|3|3|3|3,{3: 5}
2275,5,0.6,5|5|3|4|5,"{5: 3, 3: 1, 4: 1}"
2276,3,1.0,3|3|3|3|3,{3: 5}
2277,0,1.0,0|0|0|0|0,{0: 5}
2278,3,0.4,3|6|2|3|5,"{3: 2, 6: 1, 2: 1, 5: 1}"
2279,2,0.6,1|2|2|2|1,"{1: 2, 2: 3}"
2280,3,0.6,3|3|3|1|0,"{3: 3, 1: 1, 0: 1}"
2281,3,1.0,3|3|3|3|3,{3: 5}
2282,3,0.6,3|5|3|4|3,"{3: 3, 5: 1, 4: 1}"
2283,3,1.0,3|3|3|3|3,{3: 5}
2284,5,1.0,5|5|5|5|5,{5: 5}
2285,3,0.8,3|3|4|3|3,"{3: 4, 4: 1}"
2286,5,0.8,5|5|5|3|5,"{5: 4, 3: 1}"
2287,5,1.0,5|5|5|5|5,{5: 5}
2288,5,1.0,5|5|5|5|5,{5: 5}
2289,4,1.0,4|4|4|4|4,{4: 5}
2290,4,1.0,4|4|4|4|4,{4: 5}
2291,4,0.4,4|4|3|3|2,"{4: 2, 3: 2, 2: 1}"
2292,1,0.6,1|1|1|2|0,"{1: 3, 2: 1, 0: 1}"
2293,3,1.0,3|3|3|3|3,{3: 5}
2294,2,0.4,2|2|3|3|4,"{2: 2, 3: 2, 4: 1}"
2295,1,0.6,1|5|1|1|2,"{1: 3, 5: 1, 2: 1}"
2296,3,1.0,3|3|3|3|3,{3: 5}
2297,3,0.6,3|3|2|3|4,"{3: 3, 2: 1, 4: 1}"
2298,4,0.8,4|4|4|3|4,"{4: 4, 3: 1}"
2299,2,0.6,2|2|4|4|2,"{2: 3, 4: 2}"
2300,4,0.8,4|2|4|4|4,"{4: 4, 2: 1}"
2301,1,0.6,1|1|2|0|1,"{1: 3, 2: 1, 0: 1}"
2302,2,0.8,2|2|3|2|2,"{2: 4, 3: 1}"
2303,3,0.6,2|3|3|4|3,"{2: 1, 3: 3, 4: 1}"
2304,1,0.4,1|2|3|2|1,"{1: 2, 2: 2, 3: 1}"
2305,3,1.0,3|3|3|3|3,{3: 5}
2306,3,1.0,3|3|3|3|3,{3: 5}
2307,2,0.6,2|2|2|3|1,"{2: 3, 3: 1, 1: 1}"
2308,3,0.8,3|2|3|3|3,"{3: 4, 2: 1}"
2309,4,0.6,3|4|3|4|4,"{3: 2, 4: 3}"
2310,3,1.0,3|3|3|3|3,{3: 5}
2311,2,0.4,2|2|3|1|4,"{2: 2, 3: 1, 1: 1, 4: 1}"
2312,2,0.6,2|2|1|2|1,"{2: 3, 1: 2}"
2313,2,0.6,2|2|3|3|2,"{2: 3, 3: 2}"
2314,2,0.8,2|2|2|2|4,"{2: 4, 4: 1}"
2315,2,1.0,2|2|2|2|2,{2: 5}
2316,4,1.0,4|4|4|4|4,{4: 5}
2317,3,0.8,3|3|2|3|3,"{3: 4, 2: 1}"
2318,2,1.0,2|2|2|2|2,{2: 5}
2319,3,0.6,3|2|3|3|2,"{3: 3, 2: 2}"
2320,2,0.8,2|2|2|2|3,"{2: 4, 3: 1}"
2321,2,1.0,2|2|2|2|2,{2: 5}
2322,2,1.0,2|2|2|2|2,{2: 5}
2323,2,1.0,2|2|2|2|2,{2: 5}
2324,1,0.6,1|1|1|3|4,"{1: 3, 3: 1, 4: 1}"
2325,1,1.0,1|1|1|1|1,{1: 5}
2326,3,0.6,3|3|1|3|4,"{3: 3, 1: 1, 4: 1}"
2327,3,0.8,3|3|3|2|3,"{3: 4, 2: 1}"
2328,1,0.8,1|1|1|1|2,"{1: 4, 2: 1}"
2329,1,0.6,2|1|1|1|2,"{2: 2, 1: 3}"
2330,3,0.6,3|3|2|2|3,"{3: 3, 2: 2}"
2331,2,0.8,2|2|2|2|3,"{2: 4, 3: 1}"
2332,3,0.8,3|3|3|2|3,"{3: 4, 2: 1}"
2333,0,0.8,0|0|2|0|0,"{0: 4, 2: 1}"
2334,2,1.0,2|2|2|2|2,{2: 5}
2335,4,1.0,4|4|4|4|4,{4: 5}
2336,4,1.0,4|4|4|4|4,{4: 5}
2337,4,1.0,4|4|4|4|4,{4: 5}
2338,2,0.8,2|3|2|2|2,"{2: 4, 3: 1}"
2339,2,0.8,3|2|2|2|2,"{3: 1, 2: 4}"
2340,2,1.0,2|2|2|2|2,{2: 5}
2341,4,1.0,4|4|4|4|4,{4: 5}
2342,0,0.4,0|2|1|1|0,"{0: 2, 2: 1, 1: 2}"
2343,2,1.0,2|2|2|2|2,{2: 5}
2344,3,0.8,3|3|3|2|3,"{3: 4, 2: 1}"
2345,3,0.8,3|3|3|4|3,"{3: 4, 4: 1}"
2346,3,1.0,3|3|3|3|3,{3: 5}
2347,1,0.6,1|1|3|2|1,"{1: 3, 3: 1, 2: 1}"
2348,1,0.6,1|1|1|-1|2,"{1: 3, 2: 1}"
2349,3,1.0,3|3|3|3|3,{3: 5}
2350,3,0.6,3|3|3|2|2,"{3: 3, 2: 2}"
2351,4,1.0,4|4|4|4|4,{4: 5}
2352,3,1.0,3|3|3|3|3,{3: 5}
2353,3,0.4,3|3|1|4|4,"{3: 2, 1: 1, 4: 2}"
2354,4,1.0,4|4|4|4|4,{4: 5}
2355,3,0.6,3|1|3|1|3,"{3: 3, 1: 2}"
2356,4,1.0,4|4|4|4|4,{4: 5}
2357,3,0.6,3|3|2|2|3,"{3: 3, 2: 2}"
2358,3,1.0,3|3|3|3|3,{3: 5}
2359,2,1.0,2|2|2|2|2,{2: 5}
2360,3,0.6,3|3|3|2|2,"{3: 3, 2: 2}"
2361,1,1.0,1|1|1|1|1,{1: 5}
2362,4,1.0,4|4|4|4|4,{4: 5}
2363,5,0.8,5|5|5|4|5,"{5: 4, 4: 1}"
2364,0,0.8,0|1|0|0|0,"{0: 4, 1: 1}"
2365,2,1.0,2|2|2|2|2,{2: 5}
2366,2,1.0,2|2|2|2|2,{2: 5}
2367,3,1.0,3|3|3|3|3,{3: 5}
2368,2,0.8,2|0|2|2|2,"{2: 4, 0: 1}"
2369,3,0.8,3|3|3|3|2,"{3: 4, 2: 1}"
2370,2,0.6,2|2|3|3|2,"{2: 3, 3: 2}"
2371,3,0.8,3|3|3|3|2,"{3: 4, 2: 1}"
2372,2,1.0,2|2|2|2|2,{2: 5}
2373,3,0.8,3|3|3|2|3,"{3: 4, 2: 1}"
2374,5,1.0,5|5|5|5|5,{5: 5}
2375,4,0.6,4|4|4|5|5,"{4: 3, 5: 2}"
2376,4,1.0,4|4|4|4|4,{4: 5}
2377,3,0.8,3|3|3|2|3,"{3: 4, 2: 1}"
2378,4,1.0,4|4|4|4|4,{4: 5}
2379,3,0.6,3|2|3|3|2,"{3: 3, 2: 2}"
2380,4,0.6,3|4|4|3|4,"{3: 2, 4: 3}"
2381,1,0.4,1|2|1|2|3,"{1: 2, 2: 2, 3: 1}"
2382,3,0.8,3|3|3|2|3,"{3: 4, 2: 1}"
2383,4,0.8,4|4|4|4|3,"{4: 4, 3: 1}"
2384,4,0.6,4|4|1|4|1,"{4: 3, 1: 2}"
2385,3,0.6,3|3|3|2|5,"{3: 3, 2: 1, 5: 1}"
2386,3,0.8,3|4|3|3|3,"{3: 4, 4: 1}"
2387,4,1.0,4|4|4|4|4,{4: 5}
2388,5,0.6,5|5|5|3|3,"{5: 3, 3: 2}"
2389,2,1.0,2|2|2|2|2,{2: 5}
2390,2,1.0,2|2|2|2|2,{2: 5}
2391,2,0.8,2|2|2|1|2,"{2: 4, 1: 1}"
2392,2,1.0,2|2|2|2|2,{2: 5}
2393,4,1.0,4|4|4|4|4,{4: 5}
2394,3,0.8,3|5|3|3|3,"{3: 4, 5: 1}"
2395,3,0.6,2|3|4|3|3,"{2: 1, 3: 3, 4: 1}"
2396,3,0.8,3|3|3|3|2,"{3: 4, 2: 1}"
2397,3,0.4,3|5|4|3|2,"{3: 2, 5: 1, 4: 1, 2: 1}"
2398,2,1.0,2|2|2|2|2,{2: 5}
2399,4,1.0,4|4|4|4|4,{4: 5}
2400,2,0.8,2|2|2|2|4,"{2: 4, 4: 1}"
2401,4,1.0,4|4|4|4|4,{4: 5}
2402,2,0.6,2|2|2|3|3,"{2: 3, 3: 2}"
2403,4,1.0,4|4|4|4|4,{4: 5}
2404,1,0.8,1|1|1|1|5,"{1: 4, 5: 1}"
2405,5,0.8,5|5|5|5|4,"{5: 4, 4: 1}"
2406,4,0.8,4|4|4|2|4,"{4: 4, 2: 1}"
2407,5,0.8,5|3|5|5|5,"{5: 4, 3: 1}"
2408,1,0.8,1|1|1|2|1,"{1: 4, 2: 1}"
2409,2,1.0,2|2|2|2|2,{2: 5}
2410,3,1.0,3|3|3|3|3,{3: 5}
2411,2,0.4,3|4|2|2|1,"{3: 1, 4: 1, 2: 2, 1: 1}"
2412,2,0.6,2|3|2|2|3,"{2: 3, 3: 2}"
2413,2,0.8,2|2|2|2|1,"{2: 4, 1: 1}"
2414,2,1.0,2|2|2|2|2,{2: 5}
2415,3,0.6,3|3|2|2|3,"{3: 3, 2: 2}"
2416,2,0.6,2|3|1|2|2,"{2: 3, 3: 1, 1: 1}"
2417,4,1.0,4|4|4|4|4,{4: 5}
2418,0,0.2,0|2|4|3|1,"{0: 1, 2: 1, 4: 1, 3: 1, 1: 1}"
2419,1,0.6,1|1|1|0|2,"{1: 3, 0: 1, 2: 1}"
2420,2,1.0,2|2|2|2|2,{2: 5}
2421,1,0.6,1|3|1|2|1,"{1: 3, 3: 1, 2: 1}"
2422,2,0.6,2|2|1|2|1,"{2: 3, 1: 2}"
2423,1,0.4,1|3|1|2|3,"{1: 2, 3: 2, 2: 1}"
2424,1,0.6,2|1|1|1|2,"{2: 2, 1: 3}"
2425,2,0.6,2|2|3|2|1,"{2: 3, 3: 1, 1: 1}"
2426,3,0.6,3|3|3|2|4,"{3: 3, 2: 1, 4: 1}"
2427,3,1.0,3|3|3|3|3,{3: 5}
2428,3,0.6,3|3|4|3|2,"{3: 3, 4: 1, 2: 1}"
2429,4,1.0,4|4|4|4|4,{4: 5}
2430,2,1.0,2|2|2|2|2,{2: 5}
2431,4,0.6,4|4|0|4|0,"{4: 3, 0: 2}"
2432,4,1.0,4|4|4|4|4,{4: 5}
2433,4,0.6,4|3|4|3|4,"{4: 3, 3: 2}"
2434,4,1.0,4|4|4|4|4,{4: 5}
2435,4,1.0,4|4|4|4|4,{4: 5}
2436,3,0.4,1|0|2|3|3,"{1: 1, 0: 1, 2: 1, 3: 2}"
2437,3,0.6,3|3|3|2|2,"{3: 3, 2: 2}"
2438,3,0.6,3|2|3|2|3,"{3: 3, 2: 2}"
2439,2,1.0,2|2|2|2|2,{2: 5}
2440,2,0.8,2|1|2|2|2,"{2: 4, 1: 1}"
2441,2,1.0,2|2|2|2|2,{2: 5}
2442,2,1.0,2|2|2|2|2,{2: 5}
2443,2,0.6,2|2|4|3|2,"{2: 3, 4: 1, 3: 1}"
2444,2,1.0,2|2|2|2|2,{2: 5}
2445,2,1.0,2|2|2|2|2,{2: 5}
2446,2,1.0,2|2|2|2|2,{2: 5}
2447,2,0.8,2|2|3|2|2,"{2: 4, 3: 1}"
2448,2,1.0,2|2|2|2|2,{2: 5}
2449,0,1.0,0|0|0|0|0,{0: 5}
2450,2,0.8,2|2|2|2|3,"{2: 4, 3: 1}"
2451,2,1.0,2|2|2|2|2,{2: 5}
2452,5,0.6,5|2|5|2|5,"{5: 3, 2: 2}"
2453,1,0.4,1|1|2|2|3,"{1: 2, 2: 2, 3: 1}"
2454,3,0.6,3|3|3|6|2,"{3: 3, 6: 1, 2: 1}"
2455,4,1.0,4|4|4|4|4,{4: 5}
2456,2,0.8,2|2|2|2|1,"{2: 4, 1: 1}"
2457,2,0.4,2|3|3|2|4,"{2: 2, 3: 2, 4: 1}"
2458,6,0.4,5|2|6|6|3,"{5: 1, 2: 1, 6: 2, 3: 1}"
2459,2,1.0,2|2|2|2|2,{2: 5}
2460,2,1.0,2|2|2|2|2,{2: 5}
2461,6,1.0,6|6|6|6|6,{6: 5}
2462,3,0.8,3|3|3|4|3,"{3: 4, 4: 1}"
2463,4,0.6,4|3|4|2|4,"{4: 3, 3: 1, 2: 1}"
2464,4,1.0,4|4|4|4|4,{4: 5}
2465,4,1.0,4|4|4|4|4,{4: 5}
2466,2,0.4,2|1|1|4|2,"{2: 2, 1: 2, 4: 1}"
2467,5,0.6,5|5|3|3|5,"{5: 3, 3: 2}"
2468,4,0.6,4|4|3|-1|4,"{4: 3, 3: 1}"
2469,1,0.8,1|2|1|1|1,"{1: 4, 2: 1}"
2470,1,0.6,1|1|1|2|3,"{1: 3, 2: 1, 3: 1}"
2471,2,1.0,2|2|2|2|2,{2: 5}
2472,0,0.4,0|1|0|4|3,"{0: 2, 1: 1, 4: 1, 3: 1}"
2473,4,1.0,4|4|4|4|4,{4: 5}
2474,4,0.8,4|4|4|4|2,"{4: 4, 2: 1}"
2475,2,1.0,2|2|2|2|2,{2: 5}
2476,2,1.0,2|2|2|2|2,{2: 5}
2477,2,0.6,2|3|3|2|2,"{2: 3, 3: 2}"
2478,0,0.8,0|0|0|1|0,"{0: 4, 1: 1}"
2479,5,0.4,5|3|3|5|4,"{5: 2, 3: 2, 4: 1}"
2480,3,0.8,3|3|2|3|3,"{3: 4, 2: 1}"
2481,4,1.0,4|4|4|4|4,{4: 5}
2482,2,1.0,2|2|2|2|2,{2: 5}
2483,3,0.6,2|3|5|3|3,"{2: 1, 3: 3, 5: 1}"
2484,4,1.0,4|4|4|4|4,{4: 5}
2485,3,0.8,3|3|3|5|3,"{3: 4, 5: 1}"
2486,3,1.0,3|3|3|3|3,{3: 5}
2487,2,0.6,2|2|4|2|4,"{2: 3, 4: 2}"
2488,2,0.4,2|2|1|3|3,"{2: 2, 1: 1, 3: 2}"
2489,2,0.8,2|2|3|2|2,"{2: 4, 3: 1}"
2490,4,0.6,4|4|3|4|3,"{4: 3, 3: 2}"
2491,5,1.0,5|5|5|5|5,{5: 5}
2492,1,0.6,2|1|1|0|1,"{2: 1, 1: 3, 0: 1}"
2493,3,1.0,3|3|3|3|3,{3: 5}
2494,2,1.0,2|2|2|2|2,{2: 5}
2495,3,1.0,3|3|3|3|3,{3: 5}
2496,4,1.0,4|4|4|4|4,{4: 5}
2497,5,0.6,5|5|3|5|3,"{5: 3, 3: 2}"
2498,4,1.0,4|4|4|4|4,{4: 5}
2499,2,0.4,2|1|1|3|2,"{2: 2, 1: 2, 3: 1}"
2500,3,1.0,3|3|3|3|3,{3: 5}
2501,3,1.0,3|3|3|3|3,{3: 5}
2502,1,0.4,1|3|5|4|1,"{1: 2, 3: 1, 5: 1, 4: 1}"
2503,2,1.0,2|2|2|2|2,{2: 5}
2504,1,1.0,1|1|1|1|1,{1: 5}
2505,2,0.8,4|2|2|2|2,"{4: 1, 2: 4}"
2506,5,1.0,5|5|5|5|5,{5: 5}
2507,2,0.6,2|2|2|3|3,"{2: 3, 3: 2}"
2508,3,0.8,3|3|2|3|3,"{3: 4, 2: 1}"
2509,3,1.0,3|3|3|3|3,{3: 5}
2510,5,1.0,5|5|5|5|5,{5: 5}
2511,5,0.6,5|5|3|5|4,"{5: 3, 3: 1, 4: 1}"
2512,2,0.8,2|2|2|2|3,"{2: 4, 3: 1}"
2513,3,0.8,3|3|3|3|4,"{3: 4, 4: 1}"
2514,2,1.0,2|2|2|2|2,{2: 5}
2515,1,0.8,1|2|1|1|1,"{1: 4, 2: 1}"
2516,5,0.8,3|5|5|5|5,"{3: 1, 5: 4}"
2517,5,1.0,5|5|5|5|5,{5: 5}
2518,4,0.8,4|4|4|3|4,"{4: 4, 3: 1}"
2519,3,1.0,3|3|3|3|3,{3: 5}
2520,4,1.0,4|4|4|4|4,{4: 5}
2521,3,0.6,2|3|3|2|3,"{2: 2, 3: 3}"
2522,2,1.0,2|2|2|2|2,{2: 5}
2523,2,0.8,2|2|2|2|3,"{2: 4, 3: 1}"
2524,2,0.8,2|2|2|2|4,"{2: 4, 4: 1}"
2525,3,0.6,2|3|3|3|2,"{2: 2, 3: 3}"
2526,4,1.0,4|4|4|4|4,{4: 5}
2527,2,1.0,2|2|2|2|2,{2: 5}
2528,5,1.0,5|5|5|5|5,{5: 5}
2529,2,0.6,2|2|3|2|4,"{2: 3, 3: 1, 4: 1}"
2530,2,1.0,2|2|2|2|2,{2: 5}
2531,3,1.0,3|3|3|3|3,{3: 5}
2532,3,0.4,3|2|4|5|3,"{3: 2, 2: 1, 4: 1, 5: 1}"
2533,3,1.0,3|3|3|3|3,{3: 5}
2534,3,1.0,3|3|3|3|3,{3: 5}
2535,2,1.0,2|2|2|2|2,{2: 5}
2536,4,1.0,4|4|4|4|4,{4: 5}
2537,5,0.6,5|1|3|5|5,"{5: 3, 1: 1, 3: 1}"
2538,4,1.0,4|4|4|4|4,{4: 5}
2539,3,0.6,3|3|2|2|3,"{3: 3, 2: 2}"
2540,3,1.0,3|3|3|3|3,{3: 5}
2541,2,1.0,2|2|2|2|2,{2: 5}
2542,3,0.8,3|3|3|3|2,"{3: 4, 2: 1}"
2543,3,1.0,3|3|3|3|3,{3: 5}
2544,0,1.0,0|0|0|0|0,{0: 5}
2545,3,0.6,3|3|0|3|0,"{3: 3, 0: 2}"
2546,3,0.4,3|4|3|2|4,"{3: 2, 4: 2, 2: 1}"
2547,4,0.8,4|4|4|3|4,"{4: 4, 3: 1}"
2548,4,1.0,4|4|4|4|4,{4: 5}
2549,4,0.8,4|4|4|5|4,"{4: 4, 5: 1}"
2550,4,0.6,3|3|4|4|4,"{3: 2, 4: 3}"
2551,3,0.6,3|2|3|3|2,"{3: 3, 2: 2}"
2552,4,1.0,4|4|4|4|4,{4: 5}
2553,3,0.6,4|3|3|5|3,"{4: 1, 3: 3, 5: 1}"
2554,2,1.0,2|2|2|2|2,{2: 5}
2555,3,1.0,3|3|3|3|3,{3: 5}
2556,2,1.0,2|2|2|2|2,{2: 5}
2557,2,0.6,2|2|2|3|1,"{2: 3, 3: 1, 1: 1}"
2558,2,1.0,2|2|2|2|2,{2: 5}
2559,3,0.8,3|3|4|3|3,"{3: 4, 4: 1}"
2560,2,1.0,2|2|2|2|2,{2: 5}
2561,0,0.8,4|0|0|0|0,"{4: 1, 0: 4}"
2562,1,0.6,1|0|1|1|0,"{1: 3, 0: 2}"
2563,4,1.0,4|4|4|4|4,{4: 5}
2564,4,0.8,2|4|4|4|4,"{2: 1, 4: 4}"
2565,3,0.8,2|3|3|3|3,"{2: 1, 3: 4}"
2566,2,0.4,2|1|2|1|3,"{2: 2, 1: 2, 3: 1}"
2567,2,1.0,2|2|2|2|2,{2: 5}
2568,4,0.8,4|4|4|3|4,"{4: 4, 3: 1}"
2569,3,0.8,3|3|3|3|2,"{3: 4, 2: 1}"
2570,3,1.0,3|3|3|3|3,{3: 5}
2571,1,0.8,1|1|2|1|1,"{1: 4, 2: 1}"
2572,3,0.8,3|3|3|4|3,"{3: 4, 4: 1}"
2573,2,0.8,2|2|2|3|2,"{2: 4, 3: 1}"
2574,3,1.0,3|3|3|3|3,{3: 5}
2575,1,0.8,1|1|1|1|4,"{1: 4, 4: 1}"
2576,1,1.0,1|1|1|1|1,{1: 5}
2577,2,1.0,2|2|2|2|2,{2: 5}
2578,2,0.6,2|2|1|3|2,"{2: 3, 1: 1, 3: 1}"
2579,3,0.8,3|3|3|2|3,"{3: 4, 2: 1}"
2580,2,0.6,1|2|2|1|2,"{1: 2, 2: 3}"
2581,2,1.0,2|2|2|2|2,{2: 5}
2582,3,0.8,3|2|3|3|3,"{3: 4, 2: 1}"
2583,4,0.6,4|4|3|1|4,"{4: 3, 3: 1, 1: 1}"
2584,3,0.8,3|3|3|2|3,"{3: 4, 2: 1}"
2585,2,1.0,2|2|2|2|2,{2: 5}
2586,5,1.0,5|5|5|5|5,{5: 5}
2587,4,0.8,5|4|4|4|4,"{5: 1, 4: 4}"
2588,2,0.8,2|2|3|2|2,"{2: 4, 3: 1}"
2589,3,1.0,3|3|3|3|3,{3: 5}
2590,3,0.8,3|3|3|3|2,"{3: 4, 2: 1}"
2591,2,0.6,2|1|1|2|2,"{2: 3, 1: 2}"
2592,5,1.0,5|5|5|5|5,{5: 5}
2593,3,1.0,3|3|3|3|3,{3: 5}
2594,4,0.8,4|4|4|4|3,"{4: 4, 3: 1}"
2595,3,1.0,3|3|3|3|3,{3: 5}
2596,2,0.8,2|2|2|4|2,"{2: 4, 4: 1}"
2597,2,1.0,2|2|2|2|2,{2: 5}
2598,4,1.0,4|4|4|4|4,{4: 5}
2599,3,1.0,3|3|3|3|3,{3: 5}
2600,3,1.0,3|3|3|3|3,{3: 5}
2601,2,1.0,2|2|2|2|2,{2: 5}
2602,3,1.0,3|3|3|3|3,{3: 5}
2603,2,0.6,2|2|2|3|3,"{2: 3, 3: 2}"
2604,3,1.0,3|3|3|3|3,{3: 5}
2605,2,0.6,2|3|2|2|3,"{2: 3, 3: 2}"
2606,3,0.4,3|3|4|2|4,"{3: 2, 4: 2, 2: 1}"
2607,0,1.0,0|0|0|0|0,{0: 5}
2608,3,0.8,3|2|3|3|3,"{3: 4, 2: 1}"
2609,2,0.8,2|2|1|2|2,"{2: 4, 1: 1}"
2610,3,0.8,3|3|3|3|2,"{3: 4, 2: 1}"
2611,4,0.6,3|3|4|4|4,"{3: 2, 4: 3}"
2612,2,1.0,2|2|2|2|2,{2: 5}
2613,3,0.6,3|3|3|2|2,"{3: 3, 2: 2}"
2614,2,1.0,2|2|2|2|2,{2: 5}
2615,2,0.8,2|2|2|2|3,"{2: 4, 3: 1}"
2616,0,1.0,0|0|0|0|0,{0: 5}
2617,4,1.0,4|4|4|4|4,{4: 5}
2618,2,1.0,2|2|2|2|2,{2: 5}
2619,2,0.8,2|2|3|2|2,"{2: 4, 3: 1}"
2620,3,0.4,3|1|3|2|1,"{3: 2, 1: 2, 2: 1}"
2621,5,1.0,5|5|5|5|5,{5: 5}
2622,6,0.8,6|6|6|5|6,"{6: 4, 5: 1}"
2623,4,1.0,4|4|4|4|4,{4: 5}
2624,2,0.6,3|2|3|2|2,"{3: 2, 2: 3}"
2625,2,0.8,2|3|2|2|2,"{2: 4, 3: 1}"
2626,3,1.0,3|3|3|3|3,{3: 5}
2627,2,1.0,2|2|2|2|2,{2: 5}
2628,5,1.0,5|5|5|5|5,{5: 5}
2629,3,0.8,3|3|3|3|2,"{3: 4, 2: 1}"
2630,2,1.0,2|2|2|2|2,{2: 5}
2631,4,1.0,4|4|4|4|4,{4: 5}
2632,3,0.4,2|3|3|4|4,"{2: 1, 3: 2, 4: 2}"
2633,2,0.8,3|2|2|2|2,"{3: 1, 2: 4}"
2634,2,0.8,2|2|2|3|2,"{2: 4, 3: 1}"
2635,3,0.8,3|3|2|3|3,"{3: 4, 2: 1}"
2636,2,1.0,2|2|2|2|2,{2: 5}
2637,4,1.0,4|4|4|4|4,{4: 5}
2638,4,0.4,4|3|3|4|5,"{4: 2, 3: 2, 5: 1}"
2639,1,0.8,0|1|1|1|1,"{0: 1, 1: 4}"
2640,2,0.8,2|4|2|2|2,"{2: 4, 4: 1}"
2641,2,1.0,2|2|2|2|2,{2: 5}
2642,2,0.6,2|2|4|2|4,"{2: 3, 4: 2}"
2643,2,1.0,2|2|2|2|2,{2: 5}
2644,5,1.0,5|5|5|5|5,{5: 5}
2645,4,1.0,4|4|4|4|4,{4: 5}
2646,4,1.0,4|4|4|4|4,{4: 5}
2647,3,0.6,3|3|2|3|1,"{3: 3, 2: 1, 1: 1}"
2648,4,0.6,3|4|4|4|3,"{3: 2, 4: 3}"
2649,2,1.0,2|2|2|2|2,{2: 5}
2650,0,0.8,0|0|0|0|2,"{0: 4, 2: 1}"
2651,2,1.0,2|2|2|2|2,{2: 5}
2652,2,1.0,2|2|2|2|2,{2: 5}
2653,2,0.8,2|2|2|2|1,"{2: 4, 1: 1}"
2654,2,0.8,2|2|2|3|2,"{2: 4, 3: 1}"
2655,2,1.0,2|2|2|2|2,{2: 5}
2656,2,1.0,2|2|2|2|2,{2: 5}
2657,2,0.6,2|3|2|3|2,"{2: 3, 3: 2}"
2658,2,1.0,2|2|2|2|2,{2: 5}
2659,2,0.4,2|2|4|4|1,"{2: 2, 4: 2, 1: 1}"
2660,3,0.6,3|3|2|3|1,"{3: 3, 2: 1, 1: 1}"
2661,2,1.0,2|2|2|2|2,{2: 5}
2662,4,0.8,4|4|4|4|3,"{4: 4, 3: 1}"
2663,2,1.0,2|2|2|2|2,{2: 5}
2664,3,1.0,3|3|3|3|3,{3: 5}
2665,4,1.0,4|4|4|4|4,{4: 5}
2666,4,1.0,4|4|4|4|4,{4: 5}
2667,3,0.6,3|2|3|2|3,"{3: 3, 2: 2}"
2668,2,1.0,2|2|2|2|2,{2: 5}
2669,4,0.6,4|4|4|3|0,"{4: 3, 3: 1, 0: 1}"
2670,4,0.6,3|4|4|4|3,"{3: 2, 4: 3}"
2671,4,1.0,4|4|4|4|4,{4: 5}
2672,4,1.0,4|4|4|4|4,{4: 5}
2673,4,1.0,4|4|4|4|4,{4: 5}
2674,4,0.8,4|4|2|4|4,"{4: 4, 2: 1}"
2675,4,0.8,4|4|4|4|3,"{4: 4, 3: 1}"
2676,2,1.0,2|2|2|2|2,{2: 5}
2677,4,1.0,4|4|4|4|4,{4: 5}
2678,4,1.0,4|4|4|4|4,{4: 5}
2679,4,1.0,4|4|4|4|4,{4: 5}
2680,0,0.8,0|0|0|0|4,"{0: 4, 4: 1}"
2681,4,0.8,4|4|4|4|3,"{4: 4, 3: 1}"
2682,4,1.0,4|4|4|4|4,{4: 5}
2683,4,0.8,4|4|4|5|4,"{4: 4, 5: 1}"
2684,4,0.8,4|4|4|2|4,"{4: 4, 2: 1}"
2685,2,1.0,2|2|2|2|2,{2: 5}
2686,2,1.0,2|2|2|2|2,{2: 5}
2687,2,1.0,2|2|2|2|2,{2: 5}
2688,3,0.6,2|3|3|3|2,"{2: 2, 3: 3}"
2689,2,1.0,2|2|2|2|2,{2: 5}
2690,5,1.0,5|5|5|5|5,{5: 5}
2691,2,1.0,2|2|2|2|2,{2: 5}
2692,3,1.0,3|3|3|3|3,{3: 5}
2693,4,0.6,4|4|4|3|5,"{4: 3, 3: 1, 5: 1}"
2694,4,0.8,4|4|2|4|4,"{4: 4, 2: 1}"
2695,3,0.4,3|4|4|2|3,"{3: 2, 4: 2, 2: 1}"
2696,4,1.0,4|4|4|4|4,{4: 5}
2697,3,1.0,3|3|3|3|3,{3: 5}
2698,2,1.0,2|2|2|2|2,{2: 5}
2699,1,0.6,1|1|2|2|1,"{1: 3, 2: 2}"
2700,2,0.4,2|3|2|1|3,"{2: 2, 3: 2, 1: 1}"
2701,2,1.0,2|2|2|2|2,{2: 5}
2702,3,0.6,3|3|4|0|3,"{3: 3, 4: 1, 0: 1}"
2703,2,0.6,2|3|2|2|4,"{2: 3, 3: 1, 4: 1}"
2704,3,0.6,2|3|3|3|2,"{2: 2, 3: 3}"
2705,2,0.6,2|2|3|3|2,"{2: 3, 3: 2}"
2706,3,0.8,3|3|2|3|3,"{3: 4, 2: 1}"
2707,3,1.0,3|3|3|3|3,{3: 5}
